Date,Close,Close,Close,High,High,High,Low,Low,Low,Open,Open,Open,Volume,Volume,Volume
2025-02-14,2726.091552734375,199.9356689453125,2.7401959896087646,2790.023681640625,205.12501525878906,2.82827091217041,2666.26806640625,194.3540496826172,2.535259962081909,2675.939453125,194.45455932617188,2.562501907348633,17732289901,3732334277,8841598608
2025-02-15,2693.559814453125,194.48208618164062,2.76157808303833,2738.68115234375,200.0533905029297,2.8273110389709473,2668.53173828125,192.81378173828125,2.7218549251556396,2726.07470703125,199.88677978515625,2.7400870323181152,10803019357,1869221857,4633704309
2025-02-16,2663.31591796875,188.4864044189453,2.7278249263763428,2724.096435546875,196.0703125,2.8022820949554443,2655.297607421875,186.97987365722656,2.700206995010376,2693.5625,194.4811553955078,2.761552095413208,10593602117,2160799161,3431117272
2025-02-17,2743.19970703125,177.6897430419922,2.658273935317993,2848.7841796875,189.50650024414062,2.7614479064941406,2640.18212890625,175.2635498046875,2.613455057144165,2663.2294921875,188.48521423339844,2.728055000305176,24170425078,4345262539,4782836287
2025-02-18,2669.3388671875,169.08428955078125,2.558877944946289,2754.6767578125,178.94607543945312,2.666670083999634,2606.900390625,161.30545043945312,2.4733290672302246,2743.02294921875,177.68861389160156,2.6582510471343994,23004152928,6684824301,5357974219
2025-02-19,2715.77099609375,169.01080322265625,2.7408010959625244,2735.917724609375,174.12147521972656,2.7440109252929688,2656.375732421875,163.9593963623047,2.517393112182617,2669.21337890625,169.08543395996094,2.5589520931243896,15272401903,3717681436,5175151198
2025-02-20,2740.386474609375,176.04888916015625,2.6908280849456787,2770.030517578125,176.588134765625,2.744910955429077,2708.216064453125,167.8734588623047,2.673609972000122,2715.6826171875,169.00534057617188,2.7408089637756348,15917259320,3347070717,4310522382
2025-02-21,2659.655517578125,168.89163208007812,2.5701398849487305,2842.8271484375,180.4339599609375,2.709012031555176,2616.91943359375,167.30506896972656,2.5124850273132324,2740.022216796875,176.03500366210938,2.6907870769500732,31441524621,4684370707,5895816750
2025-02-22,2764.029296875,172.16285705566406,2.5757060050964355,2797.057861328125,174.46559143066406,2.607469081878662,2653.867431640625,168.367431640625,2.5561840534210205,2660.035888671875,168.89163208007812,2.5701489448547363,16403164397,2026581266,2384435690
2025-02-23,2821.310302734375,168.03811645507812,2.5770199298858643,2850.6103515625,173.0360565185547,2.5969789028167725,2746.773681640625,166.62765502929688,2.523690938949585,2764.031005859375,172.16346740722656,2.5757060050964355,20493767269,1621130854,2469949788
2025-02-24,2513.8212890625,141.98948669433594,2.2779290676116943,2839.010009765625,169.56248474121094,2.6004559993743896,2478.8994140625,140.56651306152344,2.2705368995666504,2820.456298828125,168.03811645507812,2.577012062072754,29127380459,7062261489,7075894526
2025-02-25,2493.592529296875,144.10775756835938,2.3207170963287354,2529.669189453125,146.7398681640625,2.3579061031341553,2326.632080078125,132.48583984375,2.075191020965576,2514.2109375,141.99234008789062,2.2779459953308105,40044790246,9341433919,13317860642
2025-02-26,2331.45263671875,134.83132934570312,2.1924350261688232,2503.422119140625,144.8746795654297,2.3249189853668213,2255.054931640625,130.69107055664062,2.1540091037750244,2493.381591796875,144.09996032714844,2.3207309246063232,28815111323,4916419994,6752125996
2025-02-27,2305.484375,137.6208038330078,2.198647975921631,2378.08740234375,142.1814727783203,2.2538559436798096,2230.4482421875,134.729736328125,2.149014949798584,2331.51025390625,134.83160400390625,2.1924500465393066,24286213447,3723520943,4837539998
2025-02-28,2237.9052734375,148.03001403808594,2.145595073699951,2310.94921875,148.183837890625,2.1986401081085205,2076.169921875,125.74221801757812,1.9574079513549805,2305.56005859375,137.6207733154297,2.1986401081085205,35737904667,7544673033,8544047699
2025-03-01,2216.643310546875,143.6757049560547,2.190603017807007,2279.873046875,150.7871551513672,2.2123920917510986,2144.090087890625,138.68467712402344,2.1229240894317627,2237.942138671875,148.03021240234375,2.145608901977539,16135258239,3305410077,3300928949
2025-03-02,2519.694580078125,178.49549865722656,2.9369421005249023,2548.811767578125,178.50856018066406,2.9667201042175293,2175.321533203125,140.29757690429688,2.177359104156494,2216.521728515625,143.67672729492188,2.190593957901001,34854193845,11540413390,17441097426
2025-03-03,2145.573974609375,142.02108764648438,2.385741949081421,2522.316650390625,178.6346435546875,2.943916082382202,2097.076171875,139.79010009765625,2.3117311000823975,2519.531005859375,178.4952392578125,2.937047004699707,31473561910,9241009702,14497390960
2025-03-04,2170.01513671875,144.9165802001953,2.455146074295044,2220.358642578125,146.39646911621094,2.516110897064209,1996.767578125,131.57347106933594,2.2298710346221924,2145.65283203125,142.03318786621094,2.3857150077819824,33935738380,8035056091,11265947031
2025-03-05,2241.977294921875,146.26730346679688,2.500509023666382,2272.79736328125,149.4854736328125,2.5330400466918945,2156.099365234375,140.59686279296875,2.418123960494995,2169.98681640625,144.91880798339844,2.4551548957824707,22105432727,4501939048,6075953089
2025-03-06,2202.476806640625,143.355224609375,2.601728916168213,2319.396240234375,152.7792510986328,2.63842511177063,2177.677001953125,142.7803955078125,2.4742391109466553,2241.906494140625,146.27066040039062,2.5005500316619873,18509069102,4204376336,6907451109
2025-03-07,2138.987548828125,139.20913696289062,2.3816239833831787,2254.232421875,150.02325439453125,2.61004900932312,2103.47265625,135.7171630859375,2.357011079788208,2202.498291015625,143.355224609375,2.601728916168213,22425792863,6090751623,9796404399
2025-03-08,2201.51025390625,136.94207763671875,2.323438882827759,2232.3271484375,140.90457153320312,2.406409978866577,2107.72802734375,135.48297119140625,2.309607982635498,2139.7978515625,139.20913696289062,2.3816020488739014,10533204814,2270939562,3722945467
2025-03-09,2015.5091552734375,126.43543243408203,2.1345760822296143,2210.313720703125,139.72576904296875,2.348783016204834,1991.1934814453125,125.93571472167969,2.0909829139709473,2201.708740234375,136.9428253173828,2.3234260082244873,16103964994,3429886567,6156171771
2025-03-10,1861.1513671875,118.291748046875,2.018294095993042,2150.706298828125,131.24095153808594,2.2516989707946777,1812.766845703125,115.91789245605469,2.0005240440368652,2015.430419921875,126.43543243408203,2.1344709396362305,35005066442,5519806938,8000109431
2025-03-11,1919.844970703125,125.26394653320312,2.1669158935546875,1961.7977294921875,128.14886474609375,2.2082018852233887,1760.9417724609375,113.189208984375,1.9165899753570557,1859.7777099609375,118.29167175292969,2.0181939601898193,30898385863,5259428587,8214014406
2025-03-12,1908.982666015625,126.58324432373047,2.240755081176758,1954.5711669921875,130.6551055908203,2.2588319778442383,1832.01904296875,121.36756134033203,2.1420629024505615,1919.664794921875,125.26190185546875,2.1669280529022217,22898872951,4112201839,6420912776
2025-03-13,1862.9696044921875,123.28614807128906,2.2510080337524414,1919.688232421875,128.15863037109375,2.337981939315796,1823.525390625,120.90947723388672,2.218756914138794,1909.015380859375,126.58324432373047,2.2407450675964355,17977225564,2871050068,5570837343
2025-03-14,1909.467529296875,133.31448364257812,2.356442928314209,1945.0914306640625,135.6434783935547,2.3833189010620117,1861.10595703125,123.11714935302734,2.2400801181793213,1862.9979248046875,123.2865982055664,2.251004934310913,12122715282,3161542602,4318754070
2025-03-15,1937.3946533203125,135.91253662109375,2.393238067626953,1955.2384033203125,136.48133850097656,2.4717578887939453,1904.9656982421875,132.55995178222656,2.356360912322998,1909.528076171875,133.31324768066406,2.3564300537109375,6456484591,1844463215,3638758922
2025-03-16,1887.43505859375,125.98810577392578,2.2978670597076416,1940.474365234375,136.468994140625,2.4085230827331543,1863.489013671875,125.38740539550781,2.2745769023895264,1937.384765625,135.9167938232422,2.393275022506714,9292997638,2456569508,3890457149
2025-03-17,1927.0029296875,128.16371154785156,2.3406379222869873,1951.6259765625,130.52687072753906,2.375943899154663,1880.484375,125.86190032958984,2.2955119609832764,1887.44921875,125.98741912841797,2.2978010177612305,10436892087,2487364373,3457455337
2025-03-18,1932.54345703125,125.31269836425781,2.2869598865509033,1935.1820068359375,128.16134643554688,2.340630054473877,1872.5089111328125,121.94453430175781,2.226325035095215,1927.0057373046875,128.16134643554688,2.340630054473877,10170844746,2534317858,3485953021
2025-03-19,2057.7490234375,135.572509765625,2.5458409786224365,2068.764404296875,135.92552185058594,2.572793960571289,1928.24951171875,124.29732513427734,2.2691650390625,1932.5445556640625,125.31228637695312,2.28695011138916,20065206266,3539287974,9591487009
2025-03-20,1982.099853515625,127.49718475341797,2.434674024581909,2067.483642578125,135.77261352539062,2.550710916519165,1952.2432861328125,126.85357666015625,2.394331932067871,2057.951171875,135.57415771484375,2.545851945877075,13217865782,2469659459,4976516822
2025-03-21,1964.8475341796875,128.43031311035156,2.3792779445648193,1994.8914794921875,129.95623779296875,2.463002920150757,1937.2115478515625,124.97737121582031,2.3595709800720215,1981.85302734375,127.49885559082031,2.4346189498901367,9708125480,2370317364,3433230669
2025-03-22,1980.037841796875,128.4849853515625,2.369823932647705,2005.0411376953125,131.57618713378906,2.4131650924682617,1964.27099609375,127.93255615234375,2.362138032913208,1964.9404296875,128.429931640625,2.3793039321899414,6117036512,1442831196,1778187863
2025-03-23,2005.2991943359375,132.5993194580078,2.435492992401123,2019.889404296875,133.9619598388672,2.4358808994293213,1977.7093505859375,128.34225463867188,2.3670101165771484,1979.983642578125,128.48448181152344,2.3698220252990723,7522339707,1711242607,2107624036
2025-03-24,2077.47900390625,140.86927795410156,2.448162078857422,2101.9833984375,144.88308715820312,2.501594066619873,1978.7637939453125,132.16180419921875,2.415477991104126,2005.7183837890625,132.5993194580078,2.4354660511016846,14044912402,4207560020,3272338535
2025-03-25,2067.76416015625,143.81707763671875,2.451349973678589,2096.518310546875,147.05799865722656,2.4719130992889404,2038.64453125,138.3466796875,2.4102089405059814,2078.568115234375,140.87472534179688,2.448173999786377,11735658914,3585353324,2722132222
2025-03-26,2009.1893310546875,137.28857421875,2.349087953567505,2078.369140625,145.3684844970703,2.4761669635772705,1982.412353515625,136.1363525390625,2.331583023071289,2067.5087890625,143.81707763671875,2.4513370990753174,13178523590,3083070981,3341723418
2025-03-27,2002.357421875,138.34738159179688,2.3382740020751953,2037.3961181640625,140.1745147705078,2.388458013534546,1987.7177734375,135.92221069335938,2.3071699142456055,2008.9405517578125,137.29095458984375,2.3490710258483887,11593274543,2660348034,2687267004
2025-03-28,1895.5029296875,129.42315673828125,2.204137086868286,2015.454345703125,138.95281982421875,2.3407599925994873,1863.0106201171875,127.98094177246094,2.159485101699829,2002.4105224609375,138.3472442626953,2.338340997695923,18160526498,3532896573,4373544995
2025-03-29,1827.3203125,124.587646484375,2.139949083328247,1911.90087890625,130.38050842285156,2.2213709354400635,1799.2008056640625,123.07389068603516,2.0647339820861816,1895.5496826171875,129.4245147705078,2.204145908355713,12194771785,2253256988,3914811653
2025-03-30,1806.2186279296875,124.64263153076172,2.1361429691314697,1847.570556640625,126.6233901977539,2.211034059524536,1769.4127197265625,123.3007583618164,2.111093044281006,1827.31103515625,124.58648681640625,2.1399989128112793,9854857162,1639017444,2826918737
2025-03-31,1823.47998046875,124.69412994384766,2.0898969173431396,1852.5513916015625,127.6968994140625,2.1373190879821777,1778.6922607421875,123.07923889160156,2.0272419452667236,1806.3165283203125,124.64402770996094,2.1361420154571533,15765030938,3206702485,4506662719
2025-04-01,1905.491455078125,126.68238067626953,2.139611005783081,1926.302978515625,130.0324249267578,2.192725896835327,1820.350341796875,123.94904327392578,2.068234920501709,1823.5623779296875,124.6953353881836,2.08992600440979,15001220420,2993289339,4034254494
2025-04-02,1795.313232421875,117.75762939453125,2.025067090988159,1951.1802978515625,135.69578552246094,2.221312999725342,1782.76025390625,117.74427795410156,1.9911190271377563,1905.484619140625,126.67960357666016,2.13959002494812,22593742104,5399672438,5687620993
2025-04-03,1815.63720703125,117.06145477294922,2.062467098236084,1844.071044921875,120.78982543945312,2.0798630714416504,1751.380859375,112.47826385498047,1.9658050537109375,1794.97607421875,117.74919891357422,2.024998903274536,16450974373,4633002432,5385004807
2025-04-04,1815.335205078125,122.78688049316406,2.128959894180298,1833.956787109375,123.90060424804688,2.150624990463257,1760.588623046875,113.60323333740234,2.022510051727295,1815.60986328125,117.06481170654297,2.0624349117279053,18061720814,5182517335,5503342771
2025-04-05,1805.9732666015625,120.25899505615234,2.143731117248535,1826.298583984375,122.78691101074219,2.170936107635498,1767.5135498046875,117.18880462646484,2.1146841049194336,1815.344970703125,122.78643035888672,2.1289520263671875,6374712479,1667996329,2089759530
2025-04-06,1576.72802734375,105.7120132446289,1.917894959449768,1815.5748291015625,120.93267822265625,2.1564838886260986,1539.43798828125,104.0041275024414,1.8691350221633911,1805.9630126953125,120.25850677490234,2.1437230110168457,22154445576,3822458629,5158671865
2025-04-07,1555.240966796875,106.90277862548828,1.8977539539337158,1634.0411376953125,111.47198486328125,1.9928799867630005,1415.37353515625,96.58806610107422,1.6400879621505737,1576.9498291015625,105.7120132446289,1.917894959449768,46073959047,8644174246,14383598177
2025-04-08,1472.5531005859375,105.51219177246094,1.7945679426193237,1617.33984375,112.29893493652344,1.9660459756851196,1447.610107421875,103.14452362060547,1.7820090055465698,1554.93212890625,106.90526580810547,1.8977539539337158,21315312919,5353641480,6468324898
2025-04-09,1668.0400390625,119.05754089355469,2.0517380237579346,1687.18798828125,120.47077178955078,2.086500883102417,1386.79931640625,101.43473815917969,1.7256139516830444,1472.6014404296875,105.50959014892578,1.7945020198822021,39252195855,7096350476,9381130206
2025-04-10,1522.518798828125,112.80392456054688,1.9664820432662964,1669.3941650390625,119.08255767822266,2.0527539253234863,1474.9141845703125,108.60169219970703,1.9282950162887573,1668.2017822265625,119.06228637695312,2.0517520904541016,21379604307,4310698523,4463765886
2025-04-11,1567.1497802734375,121.53237915039062,2.0238869190216064,1587.53857421875,122.39859008789062,2.0614120960235596,1505.001953125,112.1864242553711,1.9500349760055542,1522.4730224609375,112.80731964111328,1.9664969444274902,14871838813,3953610468,3459211572
2025-04-12,1643.528564453125,132.26055908203125,2.1586201190948486,1666.017578125,133.75885009765625,2.1717629432678223,1546.819580078125,119.65934753417969,2.004678964614868,1567.15576171875,121.53269958496094,2.0238869190216064,12110995013,4089397536,3429390186
2025-04-13,1596.685791015625,128.58079528808594,2.120198965072632,1648.2867431640625,133.5068359375,2.232383966445923,1564.8388671875,125.52386474609375,2.0881030559539795,1643.5010986328125,132.26258850097656,2.15863299369812,13909890792,3818650340,4220100049
2025-04-14,1622.7698974609375,129.3103790283203,2.12675404548645,1689.8575439453125,135.18695068359375,2.1742610931396484,1596.0865478515625,128.23287963867188,2.110461950302124,1596.8818359375,128.5781707763672,2.1202189922332764,16518325094,4425565001,3284127480
2025-04-15,1588.6324462890625,126.26313018798828,2.0885488986968994,1659.836181640625,134.1931915283203,2.1812610626220703,1585.2291259765625,126.1368637084961,2.0852599143981934,1622.7718505859375,129.31101989746094,2.1267330646514893,13175452875,3272094237,2948485956
2025-04-16,1578.1053466796875,131.44969177246094,2.0832419395446777,1610.7821044921875,133.59011840820312,2.1178948879241943,1540.0338134765625,123.72075653076172,2.0397379398345947,1589.031005859375,126.26312255859375,2.0884950160980225,15339621551,4448562334,3572242595
2025-04-17,1582.54833984375,134.69874572753906,2.0664150714874268,1615.306884765625,135.9093475341797,2.1128690242767334,1564.1956787109375,129.73309326171875,2.055849075317383,1578.01416015625,131.45022583007812,2.0832560062408447,11312160796,3504448606,2467503712
2025-04-18,1588.9246826171875,134.07350158691406,2.0635271072387695,1599.4168701171875,135.868896484375,2.087322950363159,1573.9039306640625,132.58799743652344,2.046036958694458,1582.397216796875,134.70419311523438,2.0664479732513428,7123507323,2142264993,1886497381
2025-04-19,1612.9228515625,139.75025939941406,2.08732008934021,1629.051513671875,140.0926055908203,2.0954349040985107,1585.4730224609375,133.69476318359375,2.0593600273132324,1588.9697265625,134.07350158691406,2.063520908355713,7168138700,2522912658,1445648293
2025-04-20,1587.5142822265625,137.77459716796875,2.0770010948181152,1618.436767578125,141.8303680419922,2.0925440788269043,1566.6915283203125,135.77146911621094,2.040719985961914,1612.966064453125,139.75289916992188,2.087333917617798,7642784469,2796023398,1733159089
2025-04-21,1579.7344970703125,136.7043914794922,2.085515022277832,1656.11962890625,142.66159057617188,2.1390879154205322,1566.1474609375,134.1223602294922,2.063260078430176,1587.4609375,137.77459716796875,2.0770010948181152,15403785611,4162691832,2746051225
2025-04-22,1757.3316650390625,148.73941040039062,2.215472936630249,1773.63916015625,149.94924926757812,2.2378690242767334,1542.0003662109375,135.3777618408203,2.0689029693603516,1579.815185546875,136.70184326171875,2.0854969024658203,23747917555,4659792312,4054022421
2025-04-23,1796.104248046875,151.15272521972656,2.217355966567993,1829.7099609375,153.86874389648438,2.299539089202881,1746.924072265625,147.45079040527344,2.1973249912261963,1757.196533203125,148.74000549316406,2.215456962585449,22904644756,4699152180,5013426739
2025-04-24,1769.8316650390625,152.3036346435547,2.2045440673828125,1801.69140625,152.75404357910156,2.227350950241089,1724.74072265625,145.66134643554688,2.123378038406372,1795.9794921875,151.15394592285156,2.217360019683838,15207402759,3903057847,4208222195
2025-04-25,1786.634521484375,150.91500854492188,2.183053970336914,1826.696044921875,156.04518127441406,2.216888904571533,1740.3319091796875,150.12779235839844,2.1668879985809326,1770.003662109375,152.32135009765625,2.2045400142669678,17459399281,4411923686,3279550205
2025-04-26,1821.881103515625,149.28936767578125,2.1931889057159424,1839.363037109375,153.01953125,2.24590802192688,1781.473876953125,148.03741455078125,2.182373046875,1786.532958984375,150.91726684570312,2.1830739974975586,11926379867,2128235815,2524845629
2025-04-27,1792.864990234375,148.24583435058594,2.256237030029297,1856.44384765625,150.20872497558594,2.2909960746765137,1785.902099609375,145.7666015625,2.163794994354248,1822.175537109375,149.28970336914062,2.193192958831787,11321944113,2015737709,3776527779
2025-04-28,1798.851806640625,147.8099365234375,2.295137882232666,1827.4822998046875,153.20770263671875,2.352191925048828,1747.726806640625,144.89144897460938,2.2270898818969727,1792.4461669921875,148.2451629638672,2.256237030029297,17043640437,3819502747,4354002634
2025-04-29,1799.1756591796875,146.42787170410156,2.2408010959625244,1842.0330810546875,150.044189453125,2.311781883239746,1782.28125,145.16932678222656,2.2238850593566895,1798.9122314453125,147.8099365234375,2.295111894607544,14734257744,2872743502,2889426361
2025-04-30,1793.775390625,147.64320373535156,2.191556930541992,1816.68994140625,148.20928955078125,2.258281946182251,1736.1429443359375,140.71209716796875,2.129767894744873,1799.2091064453125,146.427490234375,2.2407920360565186,14810431362,3017472875,3691303521
2025-05-01,1839.2215576171875,150.84658813476562,2.2141621112823486,1872.9395751953125,153.86590576171875,2.2549800872802734,1793.151123046875,147.61297607421875,2.1911280155181885,1794.041015625,147.6449737548828,2.1915719509124756,15861442721,3224541533,2221046439
2025-05-02,1842.7078857421875,148.05003356933594,2.2098309993743896,1869.530029296875,151.73170471191406,2.238821029663086,1814.73046875,147.45223999023438,2.1949219703674316,1839.1748046875,150.8431396484375,2.214168071746826,13570171872,2823970426,2148434217
2025-05-03,1833.8397216796875,146.79605102539062,2.1883668899536133,1848.246826171875,148.95945739746094,2.2192180156707764,1812.815673828125,146.1094970703125,2.180974006652832,1842.7181396484375,148.0498504638672,2.2098278999328613,8344452620,1567415096,1427745527
2025-05-04,1808.59423828125,143.98306274414062,2.157794952392578,1849.99853515625,147.68251037597656,2.2153871059417725,1804.4951171875,143.82241821289062,2.154179096221924,1833.647216796875,146.79595947265625,2.188364028930664,8918979887,1636835620,1606676574
2025-05-05,1819.697509765625,146.69664001464844,2.1356089115142822,1832.05078125,147.61659240722656,2.1935369968414307,1783.3148193359375,142.89988708496094,2.1095800399780273,1808.7049560546875,143.98593139648438,2.1577649116516113,11389336489,2238980623,2518838395
2025-05-06,1815.0875244140625,146.7664031982422,2.1554300785064697,1820.796630859375,147.0896453857422,2.1578099727630615,1753.3154296875,141.6705322265625,2.0805420875549316,1819.7340087890625,146.69577026367188,2.1355319023132324,13206516310,2728680947,2458675034
2025-05-07,1811.606689453125,147.2137451171875,2.126171112060547,1849.658447265625,149.33984375,2.1697230339050293,1788.6873779296875,144.88270568847656,2.108920097351074,1815.0189208984375,146.7668914794922,2.155345916748047,50540755039,4316881378,3808556620
2025-05-08,2206.5146484375,163.96078491210938,2.323184013366699,2222.20556640625,163.9750518798828,2.324671983718872,1809.4569091796875,147.2141876220703,2.1193130016326904,1811.54638671875,147.21726989746094,2.1261730194091797,37777245241,6372889923,4714441484
2025-05-09,2345.50732421875,172.82827758789062,2.3446710109710693,2486.0068359375,175.86207580566406,2.4253990650177,2186.054443359375,161.24777221679688,2.2902519702911377,2206.128173828125,163.96023559570312,2.3231658935546875,43766026875,7452318987,5991870742
2025-05-10,2582.422607421875,177.62181091308594,2.4720299243927,2597.54345703125,178.5718536376953,2.4726719856262207,2320.235107421875,168.92941284179688,2.340177059173584,2345.760498046875,172.82769775390625,2.3446290493011475,30265913403,4012477696,4373016278
2025-05-11,2510.23779296875,173.02645874023438,2.3665249347686768,2603.264404296875,179.62252807617188,2.4762539863586426,2441.730712890625,169.7177276611328,2.3339169025421143,2582.71044921875,177.62289428710938,2.4719998836517334,26496368543,4025374577,3965697853
2025-05-12,2496.397705078125,174.24789428710938,2.54463791847229,2620.897216796875,180.9514923095703,2.639677047729492,2411.594482421875,169.07826232910156,2.3588039875030518,2510.289306640625,173.03668212890625,2.3665390014648438,32121858921,6940951587,10613122884
2025-05-13,2680.129638671875,184.00625610351562,2.586548089981079,2736.89013671875,184.70140075683594,2.6008999347686768,2418.32568359375,166.80731201171875,2.427625894546509,2496.33740234375,174.24620056152344,2.544632911682129,33528741590,5170161208,6176519868
2025-05-14,2610.063232421875,176.709228515625,2.5527029037475586,2721.949951171875,184.7181854248047,2.645735025405884,2549.68505859375,173.7317352294922,2.524127960205078,2680.26220703125,184.0063018798828,2.5865581035614014,26602676588,4610872279,4955686643
2025-05-15,2546.85693359375,169.00999450683594,2.3803670406341553,2645.07421875,178.10504150390625,2.570915937423706,2482.212890625,167.28016662597656,2.3590009212493896,2610.02783203125,176.7086639404297,2.5526978969573975,26637688883,4347587992,5374268326
2025-05-16,2536.297607421875,167.33395385742188,2.38098406791687,2645.60791015625,173.95809936523438,2.436707019805908,2532.027099609375,166.75723266601562,2.3506529331207275,2547.058349609375,169.0146942138672,2.3803579807281494,21298907763,3495576096,3792750565
2025-05-17,2475.75439453125,165.9308319091797,2.3543639183044434,2537.78173828125,169.76828002929688,2.388313055038452,2449.0693359375,164.22494506835938,2.3032031059265137,2536.297607421875,167.33395385742188,2.38098406791687,18830706230,2783616834,3022317383
2025-05-18,2498.233642578125,173.89871215820312,2.434170961380005,2585.697021484375,176.4924774169922,2.4429008960723877,2344.668212890625,165.51353454589844,2.3522820472717285,2475.76953125,165.93197631835938,2.3543639183044434,25005164865,3866092629,2943528946
2025-05-19,2529.166748046875,166.86422729492188,2.3813788890838623,2545.461181640625,173.83853149414062,2.4357941150665283,2353.427001953125,159.64749145507812,2.2868640422821045,2498.800048828125,173.83578491210938,2.4334731101989746,27351331811,4498613127,3735931351
2025-05-20,2524.173095703125,168.4836883544922,2.356755018234253,2585.619873046875,172.86056518554688,2.4056599140167236,2446.44677734375,164.77964782714844,2.3174281120300293,2529.135009765625,166.8642120361328,2.3813788890838623,23453322578,3787047019,2990978075
2025-05-21,2552.34716796875,173.68173217773438,2.398926019668579,2614.060791015625,175.5224151611328,2.4261128902435303,2454.537841796875,166.30487060546875,2.3348751068115234,2524.1591796875,168.48411560058594,2.3567399978637695,31952904125,5254974027,3837944483
2025-05-22,2664.156982421875,179.69094848632812,2.429795026779175,2691.102294921875,180.54624938964844,2.4517180919647217,2546.434814453125,172.7552490234375,2.392353057861328,2552.766845703125,173.6822052001953,2.398953914642334,26596978352,4913432701,3399409382
2025-05-23,2526.44189453125,173.82542419433594,2.294321060180664,2731.220703125,187.27975463867188,2.476517915725708,2504.87353515625,173.5706329345703,2.2903330326080322,2664.08203125,179.69146728515625,2.429795026779175,30536501878,7488253558,4394718207
2025-05-24,2530.646240234375,176.0424041748047,2.3328700065612793,2575.13134765625,178.1427459716797,2.3588058948516846,2516.01806640625,172.79171752929688,2.292414903640747,2526.387939453125,173.8404083251953,2.294456958770752,11380899856,3002798120,1496547562
2025-05-25,2551.763916015625,175.72547912597656,2.342974901199341,2553.869140625,176.72129821777344,2.3441929817199707,2467.880126953125,169.3577880859375,2.2705280780792236,2530.89013671875,176.03448486328125,2.3328700065612793,14556431364,3395309315,2117325121
2025-05-26,2564.138427734375,174.90789794921875,2.3106610774993896,2598.566650390625,178.97799682617188,2.3580880165100098,2530.321533203125,173.7002410888672,2.298753023147583,2551.380859375,175.7256622314453,2.3429501056671143,14936610009,2872898398,1930678300
2025-05-27,2663.06982421875,176.815185546875,2.318671941757202,2712.28515625,179.2212677001953,2.3520429134368896,2512.588623046875,171.57545471191406,2.2724521160125732,2564.140869140625,174.90769958496094,2.3106439113616943,26264200536,3737068836,2373797283
2025-05-28,2682.212890625,172.18955993652344,2.2742528915405273,2688.7421875,177.37599182128906,2.3214120864868164,2611.160888671875,169.10569763183594,2.2305309772491455,2663.01025390625,176.8146514892578,2.318640947341919,19087366068,3454599629,2373668637
2025-05-29,2632.65478515625,166.5881805419922,2.244246006011963,2784.75244140625,175.1842803955078,2.3111259937286377,2620.982666015625,166.25851440429688,2.244018077850342,2681.84326171875,172.1905975341797,2.274259090423584,27567479811,3480369993,2465662898
2025-05-30,2529.943603515625,156.23471069335938,2.138633966445923,2648.2607421875,167.3471221923828,2.250627040863037,2510.163818359375,156.03465270996094,2.1384530067443848,2632.8359375,166.5934295654297,2.2442328929901123,24599403943,4458908034,3891788509
2025-05-31,2529.08740234375,156.63894653320312,2.1750600337982178,2550.483642578125,157.9366912841797,2.2038750648498535,2484.215576171875,152.441650390625,2.0855250358581543,2529.833984375,156.23594665527344,2.1387228965759277,13992843765,2817151487,2684904446
2025-06-01,2536.266357421875,157.7845458984375,2.1791839599609375,2547.77294921875,157.82785034179688,2.187160015106201,2472.540771484375,150.84341430664062,2.128967046737671,2529.0966796875,156.6378936767578,2.175107955932617,13287852482,2554572841,1763611233
2025-06-02,2607.097412109375,156.99806213378906,2.1977550983428955,2615.515625,158.89463806152344,2.2030580043792725,2477.292724609375,151.99745178222656,2.1388540267944336,2536.184814453125,157.7837371826172,2.1791839599609375,16744168824,3070599881,2150527408
2025-06-03,2593.2802734375,155.34317016601562,2.2468440532684326,2652.418701171875,163.39369201660156,2.280704975128174,2582.25048828125,154.70765686035156,2.1861350536346436,2607.197509765625,156.9980926513672,2.1977550983428955,18291179016,3739800274,2528637429
2025-06-04,2608.64306640625,153.35964965820312,2.202310085296631,2677.970458984375,157.85304260253906,2.264259099960327,2585.73779296875,153.17564392089844,2.1981959342956543,2593.482666015625,155.3417205810547,2.246840000152588,18621211035,2694510572,2010134792
2025-06-05,2416.28564453125,144.54295349121094,2.0976340770721436,2640.60400390625,154.5604248046875,2.2252910137176514,2395.753662109375,141.90293884277344,2.064732074737549,2608.607177734375,153.3593292236328,2.2023210525512695,26194462737,4691163987,3283496875
2025-06-06,2477.19482421875,147.9131317138672,2.1624059677124023,2530.391845703125,152.02252197265625,2.1888461112976074,2387.608642578125,144.44039916992188,2.0886659622192383,2416.455078125,144.54290771484375,2.0976450443267822,19407449565,2780168622,2160226661
2025-06-07,2526.50537109375,150.13406372070312,2.1785459518432617,2543.048828125,152.82553100585938,2.1910500526428223,2459.13720703125,147.18727111816406,2.1518170833587646,2477.183349609375,147.90805053710938,2.1624069213867188,11664303387,1895979261,1225984728
2025-06-08,2510.787109375,152.4300994873047,2.2654950618743896,2547.467041015625,155.04188537597656,2.2942090034484863,2493.920166015625,148.22442626953125,2.1692090034484863,2526.193359375,150.13389587402344,2.1785449981689453,12097170203,1928262265,2668252038
2025-06-09,2681.51708984375,161.08865356445312,2.3203749656677246,2693.806640625,161.4990997314453,2.3278310298919678,2479.867919921875,149.8399200439453,2.2255001068115234,2510.838134765625,152.4300994873047,2.265489101409912,20605172560,3689102023,2876210477
2025-06-10,2813.517578125,165.02816772460938,2.3052849769592285,2824.80810546875,165.53392028808594,2.3248300552368164,2658.67724609375,156.84259033203125,2.26800799369812,2681.285400390625,161.09471130371094,2.320374011993408,35555755055,4891108456,2753743744
2025-06-11,2773.529296875,161.0558624267578,2.2708730697631836,2877.62939453125,168.0181121826172,2.3354949951171875,2746.4599609375,159.42578125,2.2572200298309326,2813.73974609375,165.02816772460938,2.3053159713745117,30705408054,5292694830,3016488242
2025-06-12,2651.795166015625,152.7896728515625,2.1947689056396484,2784.2626953125,161.20278930664062,2.2712199687957764,2619.966552734375,152.23741149902344,2.1762380599975586,2773.597900390625,161.0558624267578,2.2708730697631836,25924959613,3655760294,2658926570
2025-06-13,2579.486083984375,148.62835693359375,2.1490299701690674,2651.91552734375,152.78704833984375,2.1947391033172607,2443.962646484375,141.43714904785156,2.0890591144561768,2651.91552734375,152.78704833984375,2.1947319507598877,37986747138,6346327306,4448865758
2025-06-14,2533.444091796875,144.7637481689453,2.1414060592651367,2580.158203125,148.64666748046875,2.1783881187438965,2491.49072265625,142.22569274902344,2.113940954208374,2579.721435546875,148.63223266601562,2.149034023284912,14285000473,2159011897,2001104713
2025-06-15,2546.837158203125,152.81439208984375,2.1671769618988037,2558.677734375,153.21786499023438,2.1749680042266846,2493.20458984375,144.36363220214844,2.140233039855957,2533.183349609375,144.76339721679688,2.141400098800659,13961893828,3600058127,1527791412
2025-06-16,2540.60498046875,150.8699951171875,2.241771936416626,2680.087646484375,158.60787963867188,2.335679054260254,2517.145263671875,150.8699951171875,2.1541459560394287,2547.226806640625,152.81439208984375,2.1671769618988037,22792449577,4629439778,4685110426
2025-06-17,2510.761474609375,147.7498016357422,2.1607139110565186,2617.9013671875,154.14801025390625,2.254978895187378,2456.64892578125,145.87115478515625,2.146059989929199,2540.314453125,150.8648681640625,2.241692066192627,25653232897,4505742897,3965189619
2025-06-18,2524.301513671875,146.35311889648438,2.1696650981903076,2546.62744140625,149.15914916992188,2.1802639961242676,2469.05029296875,143.96722412109375,2.120965003967285,2510.81689453125,147.74905395507812,2.160707950592041,19873957905,3507323344,2800813549
2025-06-19,2521.653564453125,147.07147216796875,2.165937900543213,2546.76953125,147.78707885742188,2.1820759773254395,2486.101806640625,143.11187744140625,2.146401882171631,2524.404052734375,146.3552703857422,2.169682025909424,12782730709,2754965137,1758762458
2025-06-20,2407.30419921875,140.16859436035156,2.120347023010254,2569.0146484375,148.71890258789062,2.178421974182129,2371.474365234375,136.5124053955078,2.089282989501953,2521.5263671875,147.07290649414062,2.165940999984741,22592586688,4112242022,2626675896
2025-06-21,2300.49560546875,135.1610107421875,2.057558059692383,2448.41162109375,142.49974060058594,2.143980026245117,2222.8125,132.41424560546875,2.026771068572998,2407.34765625,140.1680450439453,2.120345115661621,16108791762,3335622844,2455229797
2025-06-22,2228.213134765625,131.61569213867188,2.0140280723571777,2313.85302734375,137.55213928222656,2.088361978530884,2116.681396484375,126.82627868652344,1.913148045539856,2298.8427734375,135.19635009765625,2.0577499866485596,28458151601,4990284543,5108058032
2025-06-23,2421.824951171875,144.8467254638672,2.166309118270874,2434.23974609375,146.59849548339844,2.168555974960327,2191.418212890625,131.16085815429688,1.9673360586166382,2228.484619140625,131.61585998535156,2.014103889465332,26247439429,5742740781,4568812691
2025-06-24,2448.0087890625,145.95452880859375,2.1908159255981445,2481.222900390625,146.5894775390625,2.2160279750823975,2379.5693359375,142.56668090820312,2.1343369483947754,2421.83056640625,144.8467254638672,2.166309118270874,19539047009,3709899362,3574001224
2025-06-25,2419.310302734375,143.505126953125,2.1858720779418945,2468.677978515625,147.77401733398438,2.225637912750244,2394.607421875,142.55795288085938,2.1726629734039307,2448.7373046875,145.95350646972656,2.1908109188079834,17158118625,3095794422,2632853074
2025-06-26,2416.146728515625,139.0598602294922,2.1058549880981445,2519.619873046875,147.7301483154297,2.2118210792541504,2399.533935546875,138.8082275390625,2.1003410816192627,2419.15478515625,143.5052947998047,2.185861110687256,18300413888,3480832173,3042625706
2025-06-27,2423.866943359375,142.1914825439453,2.1426188945770264,2463.15478515625,144.4037322998047,2.150455951690674,2386.324951171875,137.79420471191406,2.072066068649292,2416.023193359375,139.05978393554688,2.105854034423828,15309834970,3327165986,3072597387
2025-06-28,2437.109375,150.8275604248047,2.1860439777374268,2448.191650390625,152.43739318847656,2.2066619396209717,2407.76171875,141.3493194580078,2.1364738941192627,2423.92529296875,142.19203186035156,2.142627000808716,8273074809,2847495210,2047303025
2025-06-29,2500.9599609375,153.35308837890625,2.2070729732513428,2523.320556640625,154.42337036132812,2.2182369232177734,2417.625244140625,149.532470703125,2.1789140701293945,2437.11474609375,150.82598876953125,2.186039924621582,12500580479,2462940245,1525772808
2025-06-30,2486.46435546875,154.7353057861328,2.2387499809265137,2521.720458984375,159.63160705566406,2.3205649852752686,2438.054931640625,149.61244201660156,2.1717329025268555,2500.60546875,153.35308837890625,2.20707106590271,16859727663,4752163067,3788425438
2025-07-01,2405.792724609375,146.9266357421875,2.1721949577331543,2500.591796875,155.34742736816406,2.2523210048675537,2389.81591796875,145.212890625,2.1514201164245605,2486.428466796875,154.7350311279297,2.2387099266052246,15025451796,3599415509,3188065836
2025-07-02,2571.33544921875,152.22763061523438,2.233768939971924,2616.78369140625,154.4098358154297,2.2791690826416016,2378.3935546875,146.232177734375,2.1626439094543457,2405.857421875,146.92874145507812,2.172179937362671,22792512025,3941952132,3852349881
2025-07-03,2591.00732421875,152.40179443359375,2.257658004760742,2635.192138671875,156.1884765625,2.308444023132324,2558.58251953125,150.15145874023438,2.22918701171875,2570.796630859375,152.2285614013672,2.2337849140167236,20873559425,3748228101,3715918884
2025-07-04,2508.518310546875,147.76364135742188,2.2211389541625977,2601.11962890625,153.55760192871094,2.2671821117401123,2475.7548828125,145.45196533203125,2.200514078140259,2590.845703125,152.4020233154297,2.2576329708099365,17222740209,3575641174,2085461653
2025-07-05,2517.280029296875,147.64144897460938,2.218522071838379,2529.84228515625,148.59071350097656,2.2334558963775635,2489.00244140625,146.07684326171875,2.2036290168762207,2508.095947265625,147.76290893554688,2.2211389541625977,9289382302,1579874806,1176056923
2025-07-06,2571.236572265625,151.87294006347656,2.272541046142578,2603.064697265625,153.38705444335938,2.286876916885376,2505.370849609375,146.8997344970703,2.2115418910980225,2517.280029296875,147.64146423339844,2.2185239791870117,13190436110,2921512526,2494482032
2025-07-07,2543.01318359375,148.87234497070312,2.274077892303467,2589.324951171875,153.27696228027344,2.348522901535034,2517.903564453125,147.78939819335938,2.257966995239258,2571.395263671875,151.8733367919922,2.2725439071655273,18440266947,3661294298,4447363877
2025-07-08,2615.505859375,151.81039428710938,2.3112339973449707,2626.66455078125,152.79660034179688,2.3197081089019775,2525.437744140625,147.9498748779297,2.250070095062256,2542.97265625,148.87196350097656,2.274075984954834,17537487206,3885408944,3096977787
2025-07-09,2770.777587890625,157.28150939941406,2.4056360721588135,2794.5185546875,157.88002014160156,2.4232490062713623,2591.947021484375,150.69989013671875,2.2990660667419434,2615.505859375,151.81039428710938,2.3112339973449707,27229452849,4759358090,5095934679
2025-07-10,2954.84521484375,164.06277465820312,2.5466830730438232,2995.152099609375,165.0765838623047,2.558056116104126,2757.2666015625,156.0460662841797,2.3972949981689453,2770.7373046875,157.28150939941406,2.4056360721588135,33929201261,5703252463,6049788225
2025-07-11,2957.88623046875,162.8833770751953,2.7348639965057373,3038.14111328125,167.92196655273438,2.9642701148986816,2916.95654296875,160.06564331054688,2.5175468921661377,2954.832763671875,164.06253051757812,2.546631097793579,36226558863,7095844188,15789098843
2025-07-12,2942.91162109375,160.68484497070312,2.737636089324951,2979.780029296875,163.84532165527344,2.8412539958953857,2907.193603515625,157.99803161621094,2.669909954071045,2958.333740234375,162.8833770751953,2.7348499298095703,16317198254,3795297694,8647115362
2025-07-13,2973.35888671875,161.1940155029297,2.8359410762786865,3016.3935546875,163.9575958251953,2.878499984741211,2938.736572265625,159.9158477783203,2.7268970012664795,2942.853515625,160.68484497070312,2.737636089324951,17361753131,3865898680,7159804375
2025-07-14,3013.350830078125,162.2752227783203,2.954977035522461,3079.985595703125,168.33612060546875,3.021791934967041,2965.32373046875,160.7777862548828,2.8271820545196533,2973.22509765625,161.1940155029297,2.835922956466675,36349290556,7130680773,12393161327
2025-07-15,3139.8896484375,163.950439453125,2.918951988220215,3142.42724609375,164.12208557128906,2.957473039627075,2934.371337890625,157.60275268554688,2.808501958847046,3013.29345703125,162.27561950683594,2.9548840522766113,39013656112,6533486768,8879749638
2025-07-16,3371.5068359375,173.70848083496094,3.041404962539673,3422.60302734375,175.83580017089844,3.0970680713653564,3102.477783203125,161.69142150878906,2.8827059268951416,3139.8896484375,163.950439453125,2.91894793510437,46771354461,8415349750,8884765458
2025-07-17,3476.784423828125,175.7930450439453,3.495129108428955,3521.685302734375,178.0684356689453,3.5405991077423096,3315.9990234375,169.03152465820312,3.005836009979248,3371.5068359375,173.70848083496094,3.0413780212402344,47532846793,7913250794,19109831396
2025-07-18,3549.016357421875,177.38197326660156,3.4182119369506836,3674.855224609375,184.36900329589844,3.650209903717041,3463.38623046875,173.91468811035156,3.3606159687042236,3476.1240234375,175.79193115234375,3.4949169158935547,59198465810,8439352014,18226483531
2025-07-19,3595.273681640625,177.07012939453125,3.429405927658081,3608.275634765625,178.369384765625,3.4801108837127686,3512.97314453125,174.31314086914062,3.361759901046753,3548.926025390625,177.3819122314453,3.4181599617004395,26031719746,4074891432,6728548741
2025-07-20,3759.471435546875,181.54603576660156,3.459528923034668,3819.398681640625,183.31976318359375,3.5544300079345703,3582.349609375,176.52830505371094,3.390993118286133,3595.240478515625,177.07049560546875,3.42938494682312,44600451066,6503778374,8763366578
2025-07-21,3763.371337890625,195.9942626953125,3.55576491355896,3856.76708984375,198.91555786132812,3.64241099357605,3705.353759765625,178.56219482421875,3.4161550998687744,3758.920654296875,181.54525756835938,3.459537982940674,42611467663,11211509986,9514968528
2025-07-22,3749.1455078125,205.70054626464844,3.551676034927368,3798.100341796875,205.87147521972656,3.5769379138946533,3624.140380859375,194.2823028564453,3.4308359622955322,3762.882080078125,195.98789978027344,3.5556368827819824,45248868820,14508715185,8927291368
2025-07-23,3629.70361328125,189.54293823242188,3.1849300861358643,3765.0263671875,205.75608825683594,3.5521459579467773,3532.8564453125,184.32736206054688,3.0699470043182373,3749.238525390625,205.71124267578125,3.5516719818115234,41283228953,10671351702,13463451823
2025-07-24,3708.005615234375,182.60606384277344,3.143894910812378,3771.381591796875,191.88336181640625,3.2600300312042236,3514.999267578125,179.94815063476562,2.9854791164398193,3629.731689453125,189.539306640625,3.1849400997161865,40377960354,8921891799,12401558966
2025-07-25,3727.266845703125,186.7796630859375,3.1417200565338135,3744.820068359375,186.78858947753906,3.1508629322052,3579.962890625,176.41354370117188,3.009105920791626,3708.005615234375,182.60394287109375,3.1438910961151123,42264509577,8613557362,8709196636
2025-07-26,3741.39599609375,184.91387939453125,3.167534112930298,3789.789794921875,189.64695739746094,3.213773012161255,3702.774169921875,184.5326690673828,3.113023042678833,3727.2373046875,186.77980041503906,3.141684055328369,24635287361,3756183776,4116974190
2025-07-27,3875.24658203125,188.73348999023438,3.2412819862365723,3876.93359375,190.44314575195312,3.2484660148620605,3733.681640625,184.74012756347656,3.16269588470459,3741.25732421875,184.91197204589844,3.167418956756592,28897450394,4713357652,5026533835
2025-07-28,3787.42578125,182.54156494140625,3.11584210395813,3940.652099609375,194.65802001953125,3.324357032775879,3756.515869140625,182.36875915527344,3.1140570640563965,3875.255859375,188.7321014404297,3.2412490844726562,35831336149,7456216270,8060553540
2025-07-29,3793.454833984375,181.33531188964844,3.1284310817718506,3883.997802734375,186.4884490966797,3.1827991008758545,3716.88330078125,178.57058715820312,3.061113119125366,3788.319580078125,182.55848693847656,3.1159019470214844,35540435995,5430304723,6224568345
2025-07-30,3808.20166015625,177.6940155029297,3.0983760356903076,3832.884033203125,182.3795166015625,3.157607078552246,3683.14453125,172.34226989746094,3.0166521072387695,3793.58251953125,181.33531188964844,3.1284310817718506,34392494235,6074764559,6525487340
2025-07-31,3696.707763671875,172.42434692382812,3.025170087814331,3877.47021484375,182.48248291015625,3.1738059520721436,3685.004150390625,171.85279846191406,3.0180630683898926,3808.24609375,177.69378662109375,3.098275899887085,32839839444,5443530167,5429993622
2025-08-01,3488.365966796875,162.87709045410156,2.96459698677063,3722.585693359375,172.4171142578125,3.051882028579712,3432.3798828125,159.78857421875,2.9082601070404053,3696.144287109375,172.4171142578125,3.0251119136810303,46261558200,8200357157,9496832986
2025-08-02,3392.7412109375,158.48301696777344,2.766371965408325,3535.558837890625,165.1070098876953,3.0177719593048096,3370.943115234375,156.0843505859375,2.747067928314209,3487.956787109375,162.87709045410156,2.9644839763641357,30165065282,4455060056,6806946397
2025-08-03,3497.379150390625,161.95497131347656,2.9495439529418945,3520.831298828125,162.8240509033203,2.9583849906921387,3357.93896484375,156.87167358398438,2.7463839054107666,3392.744384765625,158.48341369628906,2.766434907913208,19363593865,3702562222,5493336229
2025-08-04,3718.986083984375,169.42568969726562,3.072809934616089,3734.9775390625,169.71173095703125,3.088593006134033,3491.554931640625,161.43699645996094,2.9358890056610107,3497.613037109375,161.9629669189453,2.949549913406372,30905749658,4977909460,6105465016
2025-08-05,3611.8994140625,164.096435546875,2.963747978210449,3720.656494140625,171.56015014648438,3.103377103805542,3547.62109375,161.64089965820312,2.923888921737671,3719.81787109375,169.4277801513672,3.0728049278259277,32778742296,4979304041,5761767874
2025-08-06,3683.920654296875,168.1757354736328,2.9918880462646484,3698.124755859375,169.86183166503906,3.017256021499634,3567.095947265625,161.40118408203125,2.9063880443573,3612.038818359375,164.09857177734375,2.9637489318847656,26924415763,3851544154,4694230831
2025-08-07,3914.325927734375,175.4854278564453,3.3182079792022705,3926.204345703125,175.48870849609375,3.329602003097534,3650.365966796875,166.89454650878906,2.9683361053466797,3684.06201171875,168.17543029785156,2.991887092590332,38627826066,5177005321,8073584245
2025-08-08,4009.848876953125,176.76329040527344,3.2871201038360596,4068.84765625,179.35963439941406,3.375807046890259,3882.443115234375,173.70159912109375,3.213244915008545,3914.110595703125,175.48545837402344,3.3182408809661865,45460293892,6565011386,10725932348
2025-08-09,4263.59912109375,180.18234252929688,3.2278831005096436,4323.76123046875,183.14248657226562,3.34472393989563,4007.709228515625,176.7598419189453,3.215956926345825,4009.150634765625,176.76312255859375,3.287048101425171,45279715746,5297615193,5751246666
2025-08-10,4254.2177734375,182.90301513671875,3.1878559589385986,4332.21044921875,185.916748046875,3.2766270637512207,4163.9404296875,177.99513244628906,3.160249948501587,4263.552734375,180.18289184570312,3.2278800010681152,36173931367,6719478867,5480657770
2025-08-11,4226.966796875,174.97781372070312,3.134514093399048,4362.0927734375,186.6573028564453,3.3272359371185303,4168.875,173.68667602539062,3.1220450401306152,4254.2314453125,182.9030303955078,3.187868118286133,49989853803,7353962794,8655881431
2025-08-12,4590.9248046875,191.85682678222656,3.2665059566497803,4634.05517578125,193.4408416748047,3.300262928009033,4222.3623046875,173.8356170654297,3.112154960632324,4227.20703125,174.9778289794922,3.134493112564087,57237189036,8611505118,8909122577
2025-08-13,4756.27587890625,201.59042358398438,3.2805910110473633,4784.6689453125,204.4700164794922,3.3238399028778076,4566.23876953125,191.49545288085938,3.2074968814849854,4590.65771484375,191.85682678222656,3.266510009765625,62550014642,11831412257,8866523352
2025-08-14,4548.16650390625,192.58595275878906,3.083522081375122,4788.5517578125,209.66685485839844,3.3459880352020264,4461.28173828125,187.7833709716797,3.0372560024261475,4756.04345703125,201.58673095703125,3.2805728912353516,75681632806,14664456934,12234770540
2025-08-15,4439.98876953125,185.7412567138672,3.078666925430298,4667.72998046875,198.13832092285156,3.1427619457244873,4375.54541015625,183.76400756835938,3.008507013320923,4549.07568359375,192.5877685546875,3.0835559368133545,55445715824,7685764515,7119201345
2025-08-16,4426.18017578125,189.76699829101562,3.108139991760254,4493.1494140625,189.98114013671875,3.156259059906006,4379.16455078125,185.45777893066406,3.0780301094055176,4439.998046875,185.7395477294922,3.0786690711975098,26816931514,3716008732,4171845770
2025-08-17,4473.271484375,191.16482543945312,3.089040994644165,4575.87646484375,195.4407958984375,3.146683931350708,4400.71337890625,187.7236785888672,3.088334083557129,4426.259765625,189.76585388183594,3.108128070831299,31348101438,4221788171,3705547889
2025-08-18,4312.5048828125,183.0698699951172,3.0614829063415527,4484.009765625,191.35415649414062,3.0956459045410156,4229.3798828125,180.4141082763672,2.947266101837158,4473.33056640625,191.16448974609375,3.0890419483184814,53518423360,6328028844,8082538521
2025-08-19,4073.464111328125,176.11227416992188,2.852924108505249,4355.0751953125,185.7837371826172,3.0802559852600098,4070.535400390625,175.99241638183594,2.8519508838653564,4312.5302734375,183.06968688964844,3.0614869594573975,50440367102,5990636025,7026863070
2025-08-20,4334.50048828125,187.5863037109375,2.950748920440674,4376.78955078125,187.68954467773438,2.9852991104125977,4064.965087890625,176.10101318359375,2.8267319202423096,4073.168212890625,176.11387634277344,2.8530659675598145,49577862965,6283111574,7007191461
2025-08-21,4223.2099609375,180.28062438964844,2.8504741191864014,4338.826171875,189.40052795410156,2.9521749019622803,4205.77685546875,179.7133331298828,2.84397292137146,4334.5673828125,187.5863037109375,2.950748920440674,33618359942,5379108039,4660595472
2025-08-22,4831.3486328125,200.64744567871094,3.075773000717163,4884.22802734375,201.93734741210938,3.0979928970336914,4209.47216796875,177.47476196289062,2.7843430042266846,4223.73095703125,180.27969360351562,2.850512981414795,75965521535,10256417346,10060500291
2025-08-23,4776.09033203125,203.93673706054688,3.0462141036987305,4831.61083984375,207.83900451660156,3.0757880210876465,4669.72509765625,195.37184143066406,2.970676898956299,4831.08837890625,200.6461639404297,3.0757761001586914,36503623278,7845395369,4711873113
2025-08-24,4779.6474609375,205.8523712158203,3.0258688926696777,4953.73291015625,211.76023864746094,3.123673915863037,4714.47265625,201.7071990966797,2.9989240169525146,4776.70458984375,203.93714904785156,3.0462260246276855,52405003873,11456987571,6414069609
2025-08-25,4372.98779296875,187.2784423828125,2.861272096633911,4796.35009765625,213.00613403320312,3.049161911010742,4343.947265625,186.02505493164062,2.833379030227661,4779.76953125,205.85543823242188,3.025876998901367,63936163545,13048248034,7446594518
2025-08-26,4600.4267578125,195.90509033203125,3.0122179985046387,4632.0732421875,197.84652709960938,3.0737359523773193,4316.30078125,186.17344665527344,2.8577210903167725,4372.88037109375,187.26841735839844,2.861258029937744,53829747706,8032115173,7015039498
2025-08-27,4503.39306640625,202.92337036132812,2.966618061065674,4659.9873046875,211.85757446289062,3.042534112930298,4489.2978515625,194.0631103515625,2.964276075363159,4600.51025390625,195.906005859375,3.0122320652008057,43509902322,12883119559,6656258780
2025-08-28,4507.177734375,214.4056396484375,2.967094898223877,4629.03125,216.08740234375,3.02406907081604,4435.109375,202.00714111328125,2.946099042892456,4503.63134765625,202.9257049560547,2.9667201042175293,36045274078,12079041801,5961279099
2025-08-29,4360.15283203125,205.22000122070312,2.8219571113586426,4513.859375,217.83670043945312,2.9724369049072266,4272.45947265625,200.43594360351562,2.780958890914917,4507.63134765625,214.40133666992188,2.967050075531006,46899991962,14055051455,8455152430
2025-08-30,4374.1533203125,202.86013793945312,2.818186044692993,4413.27490234375,206.80039978027344,2.833678960800171,4264.1953125,197.89419555664062,2.771291971206665,4360.0888671875,205.2144775390625,2.8219330310821533,25883112278,5828701739,3786859473
2025-08-31,4390.01904296875,200.86354064941406,2.7766408920288086,4497.1767578125,206.5069580078125,2.8643128871917725,4373.5966796875,200.6566925048828,2.774384021759033,4374.8935546875,202.85719299316406,2.8181910514831543,26683044984,5028997406,3292986154
2025-09-01,4314.47021484375,197.10833740234375,2.753695011138916,4490.3466796875,204.2178497314453,2.834273099899292,4221.24755859375,194.37802124023438,2.70644211769104,4389.6259765625,200.8618621826172,2.7766809463500977,37530746508,7253329838,8041446525
2025-09-02,4325.36572265625,209.48153686523438,2.861859083175659,4414.93408203125,209.48153686523438,2.8625171184539795,4260.45947265625,197.09365844726562,2.7507479190826416,4314.39111328125,197.10958862304688,2.753838062286377,39884692334,8625200488,7493678799
2025-09-03,4450.38916015625,210.74630737304688,2.8448948860168457,4489.19873046875,212.82351684570312,2.884850025177002,4286.2060546875,207.58407592773438,2.814042091369629,4324.6962890625,209.4827880859375,2.8618481159210205,35260873497,6966454259,4435438842
2025-09-04,4298.744140625,202.5601806640625,2.795828104019165,4483.451171875,211.79501342773438,2.859074115753174,4268.5888671875,202.12701416015625,2.788585901260376,4450.2158203125,210.74630737304688,2.844904899597168,34919798552,5241887525,4856488220
2025-09-05,4306.98876953125,203.49851989746094,2.8162479400634766,4484.361328125,209.8600616455078,2.8827059268951416,4258.0498046875,201.1800079345703,2.7810940742492676,4298.8369140625,202.54673767089844,2.7958168983459473,44163736676,7780086538,6912100967
2025-09-06,4274.2421875,200.24630737304688,2.810854911804199,4327.43994140625,204.5575408935547,2.827824115753174,4244.7548828125,199.64039611816406,2.794511079788208,4306.97314453125,203.49851989746094,2.8162479400634766,18108246446,3057210360,2098512724
2025-09-07,4305.34765625,206.4681854248047,2.8785619735717773,4334.2744140625,207.86734008789062,2.910407066345215,4271.5341796875,200.22850036621094,2.8106279373168945,4274.1669921875,200.2473602294922,2.810854911804199,17426783536,4153166545,3861213414
2025-09-08,4308.072265625,214.1864013671875,2.9704010486602783,4381.27490234375,216.8997802734375,2.99190092086792,4279.97216796875,205.7173614501953,2.867198944091797,4305.38134765625,206.46453857421875,2.8785560131073,32277142378,10019366594,6130006998
2025-09-09,4309.04150390625,217.2506866455078,2.9466140270233154,4381.2265625,219.52349853515625,3.0332069396972656,4277.85302734375,211.1582489013672,2.9352149963378906,4308.283203125,214.18653869628906,2.970402956008911,30703320925,8798692220,5916483406
2025-09-10,4349.14599609375,223.98690795898438,2.98170804977417,4450.41796875,225.51246643066406,3.0198910236358643,4286.0625,215.27252197265625,2.936911106109619,4309.091796875,217.25039672851562,2.9466099739074707,39521365146,9070263027,4335352685
2025-09-11,4461.2333984375,228.7561798095703,3.0409340858459473,4471.69873046875,228.90882873535156,3.0474040508270264,4339.716796875,222.025146484375,2.9791719913482666,4349.2001953125,223.98568725585938,2.9817259311676025,35959212991,9580815361,5308930163
2025-09-12,4715.24609375,242.30328369140625,3.1076419353485107,4734.27392578125,243.78890991210938,3.1292951107025146,4453.28466796875,228.2635498046875,3.021178960800171,4461.4794921875,228.75624084472656,3.0409419536590576,43839753626,13008621197,6243311041
2025-09-13,4668.1796875,242.5959014892578,3.121467113494873,4763.361328125,244.14328002929688,3.1834518909454346,4609.12548828125,236.47329711914062,3.0945680141448975,4714.70361328125,242.3009796142578,3.1076180934906006,34843845977,7478581447,5576961697
2025-09-14,4609.59765625,240.5576934814453,3.032525062561035,4690.64208984375,249.12413024902344,3.125075101852417,4581.84716796875,240.21392822265625,3.0131750106811523,4668.17138671875,242.59559631347656,3.1214470863342285,28394160275,9358190854,4780192678
2025-09-15,4526.8203125,234.35755920410156,2.9971089363098145,4670.5302734375,244.0004119873047,3.0665009021759033,4469.861328125,230.4840087890625,2.960891008377075,4609.72314453125,240.548095703125,3.032521963119507,40224062009,10017744936,6168345239
2025-09-16,4503.564453125,236.9895782470703,3.038494110107422,4537.599609375,240.6835174560547,3.057734966278076,4428.330078125,231.8729705810547,2.9702460765838623,4526.078125,234.35922241210938,2.9971110820770264,32761501436,7521208086,4790701693
2025-09-17,4592.7333984375,244.85745239257812,3.084991931915283,4617.23486328125,246.4639434814453,3.106205940246582,4429.64453125,232.7739715576172,2.989348888397217,4503.6357421875,236.97752380371094,3.03849196434021,44120899417,10420751509,6464944702
2025-09-18,4589.9189453125,247.6371307373047,3.0762689113616943,4643.97265625,253.20989990234375,3.1373729705810547,4556.27001953125,242.90658569335938,3.0591208934783936,4592.44287109375,244.85130310058594,3.0849499702453613,33497259158,9258651570,6370715154
2025-09-19,4470.9169921875,238.55270385742188,2.991852045059204,4620.79296875,248.50660705566406,3.091960906982422,4443.2646484375,235.87193298339844,2.9828128814697266,4589.505859375,247.63824462890625,3.076272964477539,30352619653,7513642552,5081524032
2025-09-20,4482.265625,239.5924835205078,2.97891902923584,4509.81201171875,240.99896240234375,3.0097670555114746,4459.1591796875,237.17776489257812,2.9726929664611816,4470.978515625,238.5497589111328,2.9918320178985596,18056494322,3518711912,3128134656
2025-09-21,4451.3291015625,236.57545471191406,2.9734089374542236,4499.38916015625,241.80892944335938,3.012864112854004,4447.119140625,235.71669006347656,2.958009958267212,4482.583984375,239.5933074951172,2.9789299964904785,19330306133,3513052984,3006847619
2025-09-22,4202.87744140625,220.49644470214844,2.8530099391937256,4457.08251953125,236.8692626953125,2.975092887878418,4092.396728515625,216.9177703857422,2.775836944580078,4451.58056640625,236.57421875,2.973418951034546,58221334533,12102727916,10061060584
2025-09-23,4165.50390625,213.71730041503906,2.8281569480895996,4227.7314453125,221.3500518798828,2.8936240673065186,4120.8154296875,212.8028564453125,2.8051230907440186,4203.021484375,220.50390625,2.853024959564209,32460075911,7373425460,5443127217
2025-09-24,4153.46923828125,211.75625610351562,2.928035020828247,4206.90185546875,216.38018798828125,2.9935901165008545,4081.34765625,206.0406036376953,2.803144931793213,4165.41259765625,213.71072387695312,2.828119993209839,33538388785,8377116522,6233618625
2025-09-25,3868.333984375,192.38076782226562,2.742319107055664,4162.0625,212.4007568359375,2.943459987640381,3829.0107421875,192.08314514160156,2.738723039627075,4153.52099609375,211.75344848632812,2.928054094314575,68963092031,12314273479,9262038626
2025-09-26,4035.887939453125,205.35255432128906,2.7858119010925293,4069.168701171875,205.415283203125,2.809046983718872,3868.43359375,191.12664794921875,2.703968048095703,3868.69091796875,192.39796447753906,2.742363929748535,47873508328,10334548744,7991469350
2025-09-27,4018.658203125,203.5833282470703,2.807734966278076,4038.45166015625,205.39913940429688,2.8261570930480957,3975.758056640625,200.2690887451172,2.766432046890259,4035.91455078125,205.34518432617188,2.785804033279419,20382555776,4016294139,2924457406
2025-09-28,4141.4765625,210.7377471923828,2.8665859699249268,4143.00390625,210.89622497558594,2.866821050643921,3969.79296875,198.3204345703125,2.769887924194336,4018.65966796875,203.58323669433594,2.8077139854431152,24631307054,4467879569,3306243728
2025-09-29,4217.341796875,213.05340576171875,2.8826920986175537,4234.78271484375,214.6881103515625,2.9153709411621094,4087.92724609375,205.1308135986328,2.8486220836639404,4141.3564453125,210.73973083496094,2.866586923599243,38560429932,6886600486,5241844741
2025-09-30,4145.95751953125,208.7431182861328,2.846930980682373,4238.67138671875,213.50680541992188,2.9061388969421387,4095.443603515625,204.56564331054688,2.8182899951934814,4217.05517578125,213.0449676513672,2.8826630115509033,37679153330,6873718512,4983474471
2025-10-01,4351.1123046875,221.67587280273438,2.9472780227661133,4351.1123046875,221.67587280273438,2.958820104598999,4125.5419921875,206.62066650390625,2.816854953765869,4146.03369140625,208.7422332763672,2.8469419479370117,46161664723,8264703260,6320890474
2025-10-02,4487.923828125,234.85687255859375,3.0393240451812744,4517.6650390625,234.86058044433594,3.0992510318756104,4336.5263671875,219.85984802246094,2.943373918533325,4352.24072265625,221.69473266601562,2.947293996810913,48074066058,9665302715,7342967135
2025-10-03,4514.87060546875,233.00196838378906,3.0408809185028076,4591.44384765625,236.7911834716797,3.093135118484497,4431.47900390625,227.67674255371094,3.0083730220794678,4486.9345703125,234.85398864746094,3.0393431186676025,49603450230,9289248668,6969299806
2025-10-04,4489.197265625,228.00320434570312,2.969348907470703,4519.52685546875,233.90084838867188,3.0501859188079834,4444.0126953125,224.4738311767578,2.9425148963928223,4514.9091796875,233.0009765625,3.0408871173858643,21832270764,4553115834,4164234298
2025-10-05,4515.4228515625,228.6011962890625,2.9706408977508545,4616.533203125,236.77723693847656,3.068089008331299,4472.138671875,226.89816284179688,2.95080304145813,4489.05322265625,228.00250244140625,2.9693450927734375,44880806324,7132874650,5535126764
2025-10-06,4687.771484375,232.5160369873047,2.9907169342041016,4736.208984375,237.32254028320312,3.046444892883301,4492.8701171875,227.998046875,2.959744930267334,4515.30078125,228.60110473632812,2.9706170558929443,44992456374,7521265450,6393948188
2025-10-07,4451.15185546875,220.4827117919922,2.855971097946167,4755.22021484375,235.08648681640625,2.999748945236206,4443.5712890625,220.45469665527344,2.8548760414123535,4687.7099609375,232.5147705078125,2.990710973739624,54879425294,9339230314,7275425947
2025-10-08,4527.64794921875,229.10121154785156,2.8808040618896484,4556.2216796875,229.5643310546875,2.923064947128296,4417.76806640625,218.18418884277344,2.8429670333862305,4451.10791015625,220.4855499267578,2.8559770584106445,40456628235,7198664384,4668884369
2025-10-09,4369.1435546875,220.99107360839844,2.8049099445343018,4531.716796875,229.31578063964844,2.880836009979248,4273.5595703125,217.19894409179688,2.779107093811035,4526.9609375,229.0968780517578,2.8807849884033203,47903074596,7901186012,5640441736
2025-10-10,3843.0087890625,188.6638641357422,2.3585970401763916,4395.57080078125,224.25440979003906,2.8336119651794434,3460.222412109375,174.06973266601562,1.5284509658813477,4369.0654296875,220.99305725097656,2.8049099445343018,97736621123,16784427014,15623107075
2025-10-11,3750.611572265625,178.05416870117188,2.385982036590576,3882.241455078125,190.87913513183594,2.5019938945770264,3652.7900390625,173.75479125976562,2.3221681118011475,3840.96044921875,188.63890075683594,2.3587539196014404,62475475938,12850012618,11749648817
2025-10-12,4164.427734375,197.508544921875,2.5349578857421875,4195.3974609375,198.8739776611328,2.581763982772827,3701.478271484375,173.52139282226562,2.3209729194641113,3750.946044921875,178.0561981201172,2.385956048965454,61216174681,11797041281,9877639191
2025-10-13,4245.4677734375,208.36729431152344,2.6064999103546143,4292.845703125,209.2491912841797,2.6452128887176514,4061.224609375,191.9441680908203,2.5217909812927246,4164.04931640625,197.51219177246094,2.5350899696350098,50253782420,11469454798,8579698636
2025-10-14,4125.412109375,202.46034240722656,2.505660057067871,4265.10546875,211.10504150390625,2.6204729080200195,3895.9736328125,191.6710205078125,2.4076249599456787,4245.37255859375,208.36355590820312,2.6064939498901367,67094148347,13600198608,8358303560
2025-10-15,3987.45947265625,194.02186584472656,2.412666082382202,4213.85595703125,208.33116149902344,2.5257151126861572,3935.161376953125,192.70005798339844,2.3895881175994873,4125.361328125,202.4618682861328,2.505666971206665,50462889453,9867608882,5540248401
2025-10-16,3894.75439453125,184.68894958496094,2.3290679454803467,4079.648193359375,197.95574951171875,2.4628589153289795,3829.654052734375,182.2513427734375,2.2876369953155518,3987.14892578125,194.02186584472656,2.4126720428466797,49147390731,10042886154,7020912336
2025-10-17,3832.558837890625,182.0347900390625,2.294239044189453,3950.56689453125,187.42857360839844,2.380460023880005,3678.620361328125,174.74417114257812,2.1971750259399414,3894.377685546875,184.6862030029297,2.3289899826049805,57404271888,10401735741,7915224855
2025-10-18,3890.34619140625,187.66029357910156,2.3605101108551025,3927.24560546875,188.26788330078125,2.391555070877075,3822.266357421875,182.02398681640625,2.2944109439849854,3833.009521484375,182.03616333007812,2.2944109439849854,23815676385,4108902789,2903249765
2025-10-19,3984.649658203125,187.79820251464844,2.390631914138794,4029.35546875,192.2006072998047,2.417567014694214,3843.77294921875,183.458251953125,2.321039915084839,3890.58349609375,187.66029357910156,2.3605101108551025,32870655221,4863227045,3399616949
2025-10-20,3980.76025390625,189.75067138671875,2.4934189319610596,4084.15966796875,194.34115600585938,2.5430819988250732,3911.726318359375,184.046630859375,2.358992099761963,3984.6962890625,187.79830932617188,2.3906519412994385,40224612563,6103945646,4680466571
2025-10-21,3876.76416015625,185.66627502441406,2.4242711067199707,4109.533203125,197.37448120117188,2.531348943710327,3843.227783203125,183.31324768066406,2.4040679931640625,3980.740478515625,189.7620391845703,2.495587110519409,49960290350,8186574439,5162489261
2025-10-22,3808.122314453125,180.14813232421875,2.3638620376586914,3890.63232421875,187.32662963867188,2.437922954559326,3718.0771484375,177.6731414794922,2.335038900375366,3877.363037109375,185.66732788085938,2.4242799282073975,46173305673,7337365275,4563355252
2025-10-23,3856.0263671875,191.38827514648438,2.3951499462127686,3930.974853515625,193.17556762695312,2.4232709407806396,3801.241455078125,179.80087280273438,2.3632309436798096,3808.0849609375,180.14813232421875,2.3638620376586914,36361652714,6358339771,3186334728
2025-10-24,3934.5673828125,193.5602264404297,2.507473945617676,4002.561767578125,195.3123321533203,2.512458086013794,3849.724853515625,189.10888671875,2.388927936553955,3856.033203125,191.3885955810547,2.3951539993286133,34090708715,5855077941,4400716181
2025-10-25,3953.470947265625,194.04037475585938,2.596446990966797,3967.6455078125,195.08335876464844,2.645198106765747,3914.640625,191.60333251953125,2.5058369636535645,3934.489990234375,193.56082153320312,2.5075271129608154,15245229017,3170047006,3953836546
2025-10-26,4157.9892578125,200.02862548828125,2.645145893096924,4177.310546875,200.6212158203125,2.658691883087158,3923.192626953125,192.1607666015625,2.594789981842041,3953.437255859375,194.03758239746094,2.5964510440826416,29120786315,4753310567,3805025865
2025-10-27,4120.1220703125,198.74171447753906,2.634629964828491,4250.669921875,205.02005004882812,2.6934471130371094,4099.56982421875,197.59854125976562,2.6074390411376953,4158.0107421875,200.02748107910156,2.645143985748291,40271333201,6714497027,5079861417
2025-10-28,3982.262451171875,194.4427947998047,2.6059770584106445,4173.50537109375,203.83175659179688,2.6833300590515137,3940.834228515625,191.38519287109375,2.574120044708252,4120.27490234375,198.74099731445312,2.634644031524658,39684155177,8093133805,5654771816
2025-10-29,3903.35302734375,194.41087341308594,2.552021026611328,4036.35302734375,201.6774444580078,2.663019895553589,3849.538818359375,190.6092071533203,2.5433599948883057,3980.759033203125,194.43362426757812,2.6059629917144775,35255876156,8057327834,5094568015
2025-10-30,3804.375244140625,184.62442016601562,2.4397149085998535,3948.22265625,198.0394744873047,2.589812994003296,3681.909423828125,179.2217254638672,2.3902909755706787,3903.322509765625,194.40017700195312,2.551990032196045,39981939289,8688393422,6124183294
2025-10-31,3847.080322265625,187.20947265625,2.508733034133911,3900.580322265625,189.85353088378906,2.546717882156372,3797.669189453125,184.02078247070312,2.437345027923584,3805.082763671875,184.6289520263672,2.439723014831543,37800100395,5699604751,4637688037
2025-11-01,3874.18798828125,186.3800506591797,2.505173921585083,3906.7802734375,187.34556579589844,2.521034002304077,3832.634765625,184.0620880126953,2.4799931049346924,3847.17138671875,187.20925903320312,2.5087339878082275,17490279524,2742470897,1999237389
2025-11-02,3911.063232421875,187.8259735107422,2.529094934463501,3914.87548828125,188.1415252685547,2.546015977859497,3839.997314453125,182.82925415039062,2.4795119762420654,3873.894287109375,186.37965393066406,2.5052120685577393,20479611654,3213989849,2469844986
2025-11-03,3602.30810546875,166.0906982421875,2.309377908706665,3912.63330078125,188.7412109375,2.5297560691833496,3560.263671875,163.5452880859375,2.2659718990325928,3911.747802734375,187.8260498046875,2.52895188331604,53091469560,10083921329,6581778268
2025-11-04,3292.574462890625,155.40318298339844,2.210616111755371,3652.687255859375,168.20030212402344,2.3605270385742188,3063.0869140625,146.7495574951172,2.076153039932251,3602.040771484375,166.0955352783203,2.3093531131744385,76827517773,11720472283,9860892049
2025-11-05,3425.171142578125,162.56607055664062,2.3452250957489014,3479.8095703125,163.65786743164062,2.3712880611419678,3170.513916015625,147.89247131347656,2.109323024749756,3292.148193359375,155.3994598388672,2.210624933242798,46955882330,7278004532,6893540144
2025-11-06,3312.2578125,155.06591796875,2.210848093032837,3454.3359375,162.779296875,2.3857710361480713,3245.28173828125,153.79432678222656,2.1859850883483887,3425.361083984375,162.56338500976562,2.345212936401367,36731850433,5543550041,5711117897
2025-11-07,3435.301025390625,161.7081756591797,2.3141629695892334,3471.804931640625,164.09254455566406,2.3664300441741943,3195.896728515625,150.44387817382812,2.1580169200897217,3312.029296875,155.06640625,2.210850954055786,42609994022,6565811742,5982883574
2025-11-08,3400.3759765625,158.10250854492188,2.2848949432373047,3482.268310546875,164.70510864257812,2.332689046859741,3357.713134765625,156.08547973632812,2.2471060752868652,3435.1474609375,161.70852661132812,2.3142080307006836,23613870398,3777278818,3186759680
2025-11-09,3582.621337890625,164.45384216308594,2.367656946182251,3616.43701171875,166.2310333251953,2.377732992172241,3359.717529296875,155.38453674316406,2.2438271045684814,3400.0986328125,158.1029815673828,2.2849230766296387,28821543888,4538025398,3226988283
2025-11-10,3568.4599609375,167.36700439453125,2.526365041732788,3656.14892578125,170.15528869628906,2.577178955078125,3508.98583984375,163.8563995361328,2.356184959411621,3583.44482421875,164.45126342773438,2.367645025253296,35638045619,5424364139,6474566793
2025-11-11,3415.2822265625,154.56832885742188,2.391724109649658,3644.5283203125,171.6073455810547,2.565876007080078,3404.86181640625,154.26486206054688,2.3822429180145264,3568.47265625,167.36734008789062,2.526350975036621,39734688531,6202061657,4511908616
2025-11-12,3413.09423828125,153.2620391845703,2.3868958950042725,3586.013916015625,161.01406860351562,2.447227954864502,3373.711669921875,151.46876525878906,2.320275068283081,3415.7958984375,154.56333923339844,2.3917229175567627,34898956623,5979682267,4769353442
2025-11-13,3232.757080078125,145.1084747314453,2.3311400413513184,3561.86083984375,156.98609924316406,2.5200459957122803,3156.03076171875,141.3976593017578,2.2845370769500732,3412.994873046875,153.2600555419922,2.3869059085845947,50283416669,7354986019,7594356106
2025-11-14,3103.78564453125,138.67660522460938,2.2439820766448975,3252.660888671875,145.46722412109375,2.3358540534973145,3071.970703125,136.0413360595703,2.2313780784606934,3232.295166015625,145.1084747314453,2.331118106842041,47003809463,8170562276,7080963107
2025-11-15,3166.63134765625,139.5352020263672,2.235245943069458,3227.690185546875,143.59059143066406,2.297705888748169,3104.230224609375,138.67660522460938,2.219283103942871,3104.230224609375,138.67660522460938,2.2439699172973633,19932940649,3449336899,2923818163
2025-11-16,3092.847412109375,137.26573181152344,2.216609001159668,3244.837646484375,143.15945434570312,2.2763640880584717,3007.07275390625,134.96566772460938,2.1610360145568848,3166.79345703125,139.5326690673828,2.2352540493011475,30987886524,4722106857,4217661281
2025-11-17,3024.538818359375,130.8482666015625,2.162097930908203,3218.13037109375,142.46754455566406,2.2913529872894287,2957.3095703125,129.01918029785156,2.118227005004883,3092.941650390625,137.26535034179688,2.216594934463501,41026793235,7330608944,6068395312
2025-11-18,3122.97900390625,140.71438598632812,2.2164790630340576,3167.9326171875,141.83172607421875,2.2369699478149414,2948.329345703125,129.3094024658203,2.1150500774383545,3024.4140625,130.84869384765625,2.1620800495147705,41581494270,7400753648,5793233516
2025-11-19,3023.07080078125,136.76695251464844,2.1076180934906006,3122.64599609375,142.47825622558594,2.2164790630340576,2871.22802734375,130.64390563964844,2.02803111076355,3122.64599609375,140.71438598632812,2.2164790630340576,40229739844,6005404886,6144007301
2025-11-20,2831.777587890625,133.51715087890625,1.9987870454788208,3057.78857421875,144.3306121826172,2.1467740535736084,2790.597900390625,131.38912963867188,1.9777389764785767,3022.885498046875,136.76776123046875,2.107614040374756,43917885207,8497498957,6618490721
2025-11-21,2765.69921875,128.50050354003906,1.9504029750823975,2880.60302734375,134.7876434326172,2.0236189365386963,2626.87158203125,122.27206420898438,1.8348710536956787,2829.2646484375,133.5139617919922,1.9987139701843262,51476486049,10081815694,9204368766
2025-11-22,2767.607421875,127.55120086669922,1.9497510194778442,2795.4267578125,129.64389038085938,1.9626660346984863,2704.502197265625,125.40487670898438,1.8932429552078247,2766.090576171875,128.49856567382812,1.9503920078277588,15408928941,3490973210,3115116100
2025-11-23,2801.676025390625,130.70506286621094,2.046264886856079,2856.446533203125,133.32691955566406,2.0801029205322266,2767.472900390625,127.55113220214844,1.949720025062561,2767.594970703125,127.55113220214844,1.9497549533843994,20358404499,3820042054,4120199235
2025-11-24,2952.71337890625,138.37135314941406,2.2258780002593994,2982.822021484375,139.48390197753906,2.278395891189575,2763.3779296875,128.54151916503906,2.026716947555542,2801.204345703125,130.70603942871094,2.0463991165161133,32491657389,6046925667,6505730022
2025-11-25,2957.936279296875,138.89114379882812,2.1985440254211426,2978.704345703125,140.3466339111328,2.259398937225342,2857.8359375,133.5081329345703,2.1517350673675537,2952.58447265625,138.37889099121094,2.226012945175171,23336017779,4512057787,4910340958
2025-11-26,3027.81201171875,143.01219177246094,2.2242848873138428,3043.927001953125,144.47103881835938,2.250157117843628,2889.890625,135.63246154785156,2.148216962814331,2958.32958984375,138.88987731933594,2.198543071746826,21433162961,5361639551,3853143882
2025-11-27,3014.542236328125,140.84640502929688,2.200824022293091,3070.73193359375,144.1732177734375,2.232724905014038,2987.19775390625,140.6957550048828,2.1752700805664062,3027.799072265625,143.0125274658203,2.2242848873138428,16972780500,3419017564,2820875208
2025-11-28,3032.304443359375,137.39019775390625,2.1806480884552,3095.033203125,143.30421447753906,2.2628979682922363,2995.76513671875,136.28543090820312,2.1615140438079834,3014.543701171875,140.8464813232422,2.200831890106201,20659958964,4865188881,4332649955
2025-11-29,2991.685302734375,136.0817108154297,2.2033770084381104,3051.962890625,137.8857879638672,2.2205989360809326,2966.850830078125,135.1206817626953,2.1725070476531982,3032.29541015625,137.39064025878906,2.180649995803833,12775481230,2428334173,2108094066
2025-11-30,2992.112548828125,133.5648193359375,2.1609671115875244,3051.597900390625,139.93711853027344,2.212327003479004,2978.826171875,133.5648193359375,2.1609671115875244,2991.375244140625,136.0821075439453,2.2033700942993164,11530446514,3123775023,1888526431
2025-12-01,2800.18896484375,126.70902252197266,2.0309159755706787,2996.8818359375,133.60720825195312,2.160788059234619,2720.4365234375,123.31387329101562,1.9879770278930664,2991.923095703125,133.5648193359375,2.1606431007385254,36679598313,6212210725,5482181614
2025-12-02,2997.939697265625,138.67420959472656,2.155522108078003,3032.76123046875,140.66482543945312,2.1788489818573,2784.390625,126.1412582397461,1.9983290433883667,2800.22314453125,126.7086181640625,2.0309159755706787,26593645111,6173683503,4387656803
2025-12-03,3191.57177734375,144.89849853515625,2.2019059658050537,3212.559814453125,145.73007202148438,2.217345952987671,2988.14208984375,137.94105529785156,2.1436591148376465,2997.801513671875,138.673095703125,2.1554698944091797,29949301036,5809364566,3860198446
2025-12-04,3134.31640625,139.0145263671875,2.097172975540161,3238.555419921875,146.7203826904297,2.2096900939941406,3071.31005859375,138.0679931640625,2.073594093322754,3188.343505859375,144.89154052734375,2.2015879154205322,27434991113,4304817495,3357933972
2025-12-05,3024.432861328125,133.322998046875,2.037606954574585,3192.45703125,140.3798828125,2.1116750240325928,2989.83154296875,131.1352996826172,2.0179519653320312,3134.357421875,139.01397705078125,2.0971550941467285,28000268228,4557254539,3315458822
2025-12-06,3040.207763671875,132.34844970703125,2.0326199531555176,3067.661376953125,134.06983947753906,2.0492188930511475,3013.98193359375,131.50657653808594,2.0187559127807617,3024.487548828125,133.32437133789062,2.0376060009002686,10962819760,2061286212,1682146760
2025-12-07,3061.3017578125,132.09356689453125,2.0434200763702393,3148.7734375,136.23268127441406,2.1088130474090576,2930.645263671875,128.2851104736328,2.0001800060272217,3040.17919921875,132.34986877441406,2.0326271057128906,20383496376,3824892147,2832015064
2025-12-08,3125.197998046875,133.27822875976562,2.073106050491333,3177.86767578125,139.2073516845703,2.116265058517456,3043.703857421875,131.67465209960938,2.036926031112671,3061.013671875,132.0959930419922,2.0434679985046387,25262165670,4710407082,2909008695
2025-12-09,3321.114990234375,137.901611328125,2.1084249019622803,3395.838623046875,144.74278259277344,2.174415111541748,3092.87646484375,131.8707275390625,2.0454490184783936,3124.942626953125,133.27833557128906,2.073106050491333,32012553374,5869893316,3614920392
2025-12-10,3325.39013671875,136.46902465820312,2.0433449745178223,3446.622802734375,142.44235229492188,2.108875036239624,3290.14697265625,135.8628692626953,2.041325092315674,3321.2041015625,137.90609741210938,2.108422040939331,30694387989,5949930252,3768702959
2025-12-11,3237.056884765625,136.37156677246094,2.035507917404175,3327.344482421875,137.67807006835938,2.05297589302063,3149.034423828125,129.38401794433594,1.9865959882736206,3324.38671875,136.46376037597656,2.043318033218384,29066243707,5833676784,3560399350
2025-12-12,3084.172607421875,132.3242950439453,2.0091450214385986,3265.37255859375,139.98731994628906,2.0456368923187256,3050.267333984375,130.67987060546875,1.9795680046081543,3237.025634765625,136.36993408203125,2.0355000495910645,24391003174,5282060650,2650764203
2025-12-13,3116.6953125,133.24746704101562,2.023993968963623,3134.849365234375,134.24513244628906,2.0472359657287598,3080.07861328125,131.98580932617188,2.0082309246063232,3084.129638671875,132.32403564453125,2.0091450214385986,9916869400,2024059188,1622802388
2025-12-14,3060.5947265625,129.48109436035156,1.979287028312683,3128.622802734375,133.5909881591797,2.0300180912017822,3034.692626953125,128.9016571044922,1.9721139669418335,3116.743896484375,133.24761962890625,2.0239970684051514,15619543350,2489001258,1639521426
2025-12-15,2964.18310546875,127.75711822509766,1.8986730575561523,3175.1181640625,134.71762084960938,2.0092670917510986,2899.685791015625,123.998046875,1.8763630390167236,3060.4814453125,129.48333740234375,1.9792850017547607,28765976892,5120043768,3479993806
2025-12-16,2964.180908203125,129.25120544433594,1.9300730228424072,2978.92138671875,129.9452667236328,1.9440170526504517,2890.01171875,125.45384979248047,1.861063003540039,2964.379638671875,127.75730895996094,1.8986719846725464,22709189818,3918682307,3093566806
2025-12-17,2831.403564453125,123.11980438232422,1.8618379831314087,3025.8154296875,133.4417724609375,1.9836959838867188,2791.333984375,121.55805206298828,1.8502490520477295,2964.01953125,129.25282287597656,1.930083990097046,26159825528,5452646038,3450002332
2025-12-18,2827.069091796875,119.57015228271484,1.8077770471572876,2994.552734375,128.76417541503906,1.930562973022461,2777.11962890625,117.31623077392578,1.8041980266571045,2831.48828125,123.12610626220703,1.8618450164794922,29194181349,5835673225,3853056261
2025-12-19,2977.970703125,126.1927490234375,1.9073920249938965,3014.6123046875,127.5052261352539,1.915884017944336,2811.3916015625,117.79812622070312,1.7726960182189941,2827.410400390625,119.57015228271484,1.8077770471572876,27870687989,5045203467,3923807997
2025-12-20,2977.58251953125,125.80903625488281,1.9323979616165161,2992.31005859375,126.76323699951172,1.9539439678192139,2967.838623046875,125.39103698730469,1.8951400518417358,2977.869140625,126.19405364990234,1.9073899984359741,7612418215,1703857955,1995691806
2025-12-21,3001.61376953125,125.99150085449219,1.9220119714736938,3009.80712890625,126.45636749267578,1.9473049640655518,2945.394775390625,123.60157775878906,1.8967759609222412,2977.508544921875,125.81024169921875,1.9324029684066772,11178096676,2335972346,2392341920
2025-12-22,3006.07373046875,125.80123138427734,1.9027639627456665,3073.353759765625,128.38507080078125,1.9436969757080078,2965.175048828125,124.4066162109375,1.89280104637146,3001.61279296875,125.99151611328125,1.9220249652862549,20342034264,3657779407,2644702981
2025-12-23,2963.3740234375,123.85721588134766,1.872817039489746,3033.1962890625,126.73116302490234,1.9071170091629028,2902.3330078125,122.32801818847656,1.8667000532150269,3006.073974609375,125.80123138427734,1.9027639627456665,21453213168,3084149409,2201693264
2025-12-24,2945.590576171875,122.45860290527344,1.861171007156372,2975.171142578125,124.10684204101562,1.8758349418640137,2888.988037109375,120.78385925292969,1.8375740051269531,2962.922607421875,123.85684204101562,1.8727949857711792,13984770325,2313559221,1891794487
2025-12-25,2903.57958984375,119.9471206665039,1.8318359851837158,2968.705078125,124.19391632080078,1.885256052017212,2891.10888671875,119.90099334716797,1.8297710418701172,2945.423095703125,122.45835876464844,1.8611669540405273,11828871179,2194207451,1498817315
2025-12-26,2925.74560546875,122.19595336914062,1.8429640531539917,2991.219970703125,124.92918395996094,1.8802529573440552,2894.15380859375,119.57316589355469,1.8252919912338257,2903.625,119.94737243652344,1.8318400382995605,18562196049,3779508002,2252113960
2025-12-27,2947.998291015625,124.64771270751953,1.8728530406951904,2957.300537109375,124.74816131591797,1.8740400075912476,2917.271240234375,121.86039733886719,1.841431975364685,2925.7451171875,122.19612121582031,1.8429620265960693,7378783299,1711358748,1040331569
2025-12-28,2948.568115234375,125.19935607910156,1.864359974861145,2957.138671875,125.21761322021484,1.8768310546875,2925.745361328125,123.07058715820312,1.8538349866867065,2947.898193359375,124.6484146118164,1.8728530406951904,9227601389,2003713687,1043218992
2025-12-29,2934.538330078125,123.12522888183594,1.8477239608764648,3051.94189453125,129.30441284179688,1.914788007736206,2908.748046875,122.42872619628906,1.845445990562439,2948.55908203125,125.19874572753906,1.8643569946289062,25957694515,4871847248,2303688120
2025-12-30,2971.416748046875,124.93132019042969,1.8754940032958984,3002.8046875,126.19066619873047,1.88264799118042,2916.330078125,122.53900146484375,1.84408700466156,2934.416259765625,123.1244888305664,1.8477400541305542,18816704381,3096711898,1804734447
2025-12-31,2967.03759765625,124.48446655273438,1.839972972869873,3021.849609375,127.11942291259766,1.8805949687957764,2959.143798828125,123.46351623535156,1.8115309476852417,2971.407470703125,124.93132019042969,1.8754940032958984,16451891101,3627228070,1999139715
2026-01-01,3000.394287109375,126.76112365722656,1.8779360055923462,3006.01025390625,126.98711395263672,1.8779360055923462,2966.84521484375,124.0515365600586,1.8252300024032593,2966.997314453125,124.4847412109375,1.8399790525436401,10268796662,2461653813,1401659084
2026-01-02,3124.422607421875,132.1336669921875,2.00581693649292,3146.984375,132.98789978027344,2.0228350162506104,2989.9013671875,125.79122161865234,1.8674219846725464,3000.453125,126.76112365722656,1.8779350519180298,25242778003,4508641946,3614813049
2026-01-03,3125.91748046875,133.29847717285156,2.017406940460205,3135.025634765625,133.60838317871094,2.0536348819732666,3077.4658203125,129.93521118164062,1.9885189533233643,3124.310302734375,132.13339233398438,2.00580096244812,11460707919,2477037555,2345137866
2026-01-04,3140.71044921875,133.8996124267578,2.0900208950042725,3160.551025390625,135.35447692871094,2.116791009902954,3119.427490234375,133.22732543945312,2.017153024673462,3125.960205078125,133.2982177734375,2.017404079437256,13890479323,2982580991,3214249708
2026-01-05,3226.13037109375,137.98997497558594,2.348797082901001,3261.245849609375,139.63558959960938,2.3607370853424072,3134.0927734375,133.34866333007812,2.0885870456695557,3141.486328125,133.9026336669922,2.0900299549102783,27211995956,5200675282,6262857427
2026-01-06,3295.94677734375,141.09841918945312,2.306900978088379,3303.5634765625,143.0365753173828,2.410264015197754,3184.0146484375,136.3661346435547,2.2103190422058105,3226.116455078125,137.9898223876953,2.348781108856201,27853981622,5874437271,7823657946
2026-01-07,3166.843994140625,136.31301879882812,2.1671249866485596,3296.394287109375,141.0989227294922,2.316704034805298,3126.552001953125,134.6916046142578,2.1555750370025635,3295.91259765625,141.0961151123047,2.3068950176239014,22665982583,3910044770,4045149123
2026-01-08,3104.382568359375,138.29342651367188,2.1220970153808594,3179.866455078125,139.83444213867188,2.186410903930664,3052.509765625,132.82118225097656,2.0660600662231445,3166.924072265625,136.31301879882812,2.1671249866485596,22760237888,4776764584,4715816749
2026-01-09,3083.047119140625,135.7563934326172,2.0916409492492676,3140.709228515625,140.8950653076172,2.154855966567993,3058.096923828125,135.04872131347656,2.0741100311279297,3104.334716796875,138.29727172851562,2.122144937515259,18879517395,5002612595,3557900155
2026-01-10,3082.39599609375,135.7270050048828,2.0880179405212402,3099.16748046875,136.81883239746094,2.106307029724121,3075.135498046875,135.29322814941406,2.080061912536621,3083.16650390625,135.75704956054688,2.091646909713745,6960662969,1631651535,1201952489
2026-01-11,3118.88525390625,139.49046325683594,2.0710649490356445,3141.9580078125,141.0433807373047,2.104557991027832,3080.747802734375,135.6405029296875,2.0490400791168213,3082.407470703125,135.72767639160156,2.088012933731079,10497219711,3148787073,1712768426
2026-01-12,3092.3251953125,139.1361846923828,2.0525450706481934,3166.219970703125,143.9115753173828,2.1054608821868896,3068.07275390625,138.42050170898438,2.033787965774536,3118.828857421875,139.49087524414062,2.0710608959198,21152711365,6095296933,3628675548
2026-01-13,3322.095458984375,145.36087036132812,2.1637980937957764,3352.580078125,147.30531311035156,2.179780960083008,3088.512939453125,137.80845642089844,2.0458810329437256,3092.008544921875,139.13543701171875,2.052546977996826,27237310134,6784244711,3811945251
2026-01-14,3354.72265625,146.7528076171875,2.139741897583008,3397.897705078125,148.21600341796875,2.1859281063079834,3280.378662109375,143.52069091796875,2.112826108932495,3322.192138671875,145.36163330078125,2.1638009548187256,33926411912,6358680886,4297209828
2026-01-15,3317.101318359375,142.3324432373047,2.0781290531158447,3382.44873046875,146.76199340820312,2.142441987991333,3276.820068359375,141.03555297851562,2.055048942565918,3354.765869140625,146.75563049316406,2.1397318840026855,27598686935,4616638822,3029758067
2026-01-16,3295.482177734375,144.8604736328125,2.0682179927825928,3325.25048828125,145.3809814453125,2.084851026535034,3251.814453125,140.43679809570312,2.029236078262329,3317.341796875,142.3328857421875,2.078119993209839,22732887284,3652609587,2318958402
2026-01-17,3308.8642578125,143.72567749023438,2.062372922897339,3328.283447265625,144.8657684326172,2.080599069595337,3282.661865234375,143.57345581054688,2.0540499687194824,3295.482666015625,144.8601531982422,2.0682148933410645,11206492253,1900249993,1318755638
2026-01-18,3281.15771484375,137.99542236328125,1.992658019065857,3367.167724609375,143.82252502441406,2.066092014312744,3278.4267578125,137.9600372314453,1.9912149906158447,3308.90576171875,143.72593688964844,2.062372922897339,13557863288,2984193864,1668886889
2026-01-19,3186.62109375,133.3386993408203,1.9863810539245605,3282.65478515625,137.99765014648438,2.02561092376709,3166.0166015625,132.81777954101562,1.909872055053711,3282.19921875,137.99720764160156,1.992622971534729,27956112545,5018545520,4017699865
2026-01-20,2935.605712890625,125.70572662353516,1.8895820379257202,3197.391845703125,134.38629150390625,1.9879659414291382,2925.54345703125,125.67015838623047,1.8831449747085571,3186.62109375,133.33859252929688,1.986382007598877,32985301273,5647782627,3630982557
2026-01-21,2978.901123046875,129.3790740966797,1.945557951927185,3064.390625,131.8393096923828,1.9848949909210205,2867.264404296875,125.58707427978516,1.875393033027649,2935.882080078125,125.70572662353516,1.8895690441131592,35797876195,5435243612,4343268403
2026-01-22,2949.63330078125,128.28834533691406,1.9216740131378174,3034.338134765625,130.49163818359375,1.9640729427337646,2905.562744140625,126.85424041748047,1.9023499488830566,2979.307861328125,129.3789520263672,1.9455599784851074,21993593333,3212054901,2512873447
2026-01-23,2953.25634765625,127.36157989501953,1.9195319414138794,3013.9541015625,129.72862243652344,1.959054946899414,2892.52099609375,125.3766098022461,1.8886209726333618,2949.44580078125,128.28851318359375,1.9216740131378174,22417700837,3766000022,2468508566
2026-01-24,2948.74072265625,127.05381774902344,1.9131300449371338,2965.46875,127.90245056152344,1.9246670007705688,2942.444580078125,126.56280517578125,1.9095280170440674,2953.23828125,127.363037109375,1.9195300340652466,8198666763,1620566908,970964578
2026-01-25,2815.90234375,118.77285766601562,1.8330260515213013,2955.016845703125,127.22686004638672,1.9136459827423096,2785.896728515625,117.57979583740234,1.8138600587844849,2948.534423828125,127.05250549316406,1.913120985031128,22414089670,5349293195,2740774855
2026-01-26,2926.45703125,124.13972473144531,1.9034969806671143,2945.99755859375,125.06038665771484,1.9373899698257446,2811.074951171875,118.6618423461914,1.8330329656600952,2815.768798828125,118.77265167236328,1.8330329656600952,29668620102,4273720547,3015645189
2026-01-27,3022.2109375,127.05479431152344,1.9139349460601807,3031.03857421875,127.62338256835938,1.9254250526428223,2898.3115234375,123.04519653320312,1.8739700317382812,2926.201171875,124.13898468017578,1.903488039970398,27976005223,3683537052,2211761251
2026-01-28,3006.607421875,125.11844635009766,1.9087259769439697,3040.718505859375,127.9662857055664,1.9381749629974365,2981.589599609375,124.89337921142578,1.8937749862670898,3022.237548828125,127.0533218383789,1.9139280319213867,21751566455,3544660044,2302935086
2026-01-29,2818.232666015625,117.60576629638672,1.8050650358200073,3008.03759765625,125.18667602539062,1.9090800285339355,2751.64501953125,115.41664123535156,1.7772730588912964,3006.26171875,125.11925506591797,1.9087560176849365,37487198041,6044075471,4595244677
2026-01-30,2702.375244140625,117.363037109375,1.7324260473251343,2823.91455078125,118.86773681640625,1.8093270063400269,2633.8388671875,112.96723175048828,1.713047981262207,2818.135498046875,117.60324096679688,1.8050880432128906,41877689970,6818716389,5054515535
2026-01-31,2445.091796875,105.441650390625,1.6454709768295288,2709.53369140625,118.61029052734375,1.7491769790649414,2248.69873046875,99.98045349121094,1.544585943222046,2702.301513671875,117.36463165283203,1.7324260473251343,47569532203,9542017060,6222981594
2026-02-01,2267.96484375,100.85052490234375,1.5913419723510742,2472.646240234375,106.20301818847656,1.6733479499816895,2224.117919921875,98.52946472167969,1.5607830286026,2445.0693359375,105.44039916992188,1.6454659700393677,40358630560,5440089988,4092694363
2026-02-02,2344.356689453125,104.47115325927734,1.6205470561981201,2393.0634765625,105.69131469726562,1.653190016746521,2158.937255859375,96.42904663085938,1.532505989074707,2267.5625,100.8449478149414,1.5913970470428467,48844346396,6949524331,5046409178
2026-02-03,2227.558837890625,97.56390380859375,1.5741989612579346,2357.2060546875,104.91223907470703,1.62539803981781,2109.05517578125,96.8131332397461,1.5287460088729858,2344.44580078125,104.47044372558594,1.6205580234527588,47906083919,5824450887,4089022562
2026-02-04,2143.504150390625,92.02930450439453,1.510475993156433,2291.13134765625,99.45185852050781,1.6087690591812134,2074.102783203125,89.66161346435547,1.4973599910736084,2227.967041015625,97.56403350830078,1.5742260217666626,45219604814,7163239530,4190815541
2026-02-05,1821.68310546875,78.18741607666016,1.2135210037231445,2167.139892578125,92.90266418457031,1.510475993156433,1818.664306640625,77.77494049072266,1.1503709554672241,2143.618896484375,92.02930450439453,1.510475993156433,60381662655,10561367080,11340956282
2026-02-06,2063.386962890625,87.46477508544922,1.4715230464935303,2090.328125,89.50743865966797,1.5389080047607422,1748.627685546875,68.69181823730469,1.1334600448608398,1821.12939453125,78.18553161621094,1.2135059833526611,64998454203,11668451362,11836014443
2026-02-07,2090.54931640625,87.63983154296875,1.4242039918899536,2115.824951171875,89.0591812133789,1.482395052909851,1995.9185791015625,84.32820892333984,1.3880350589752197,2063.333740234375,87.4673080444336,1.4714219570159912,41145430304,5200795827,5355780912
2026-02-08,2088.762939453125,87.04410552978516,1.4321850538253784,2148.12060546875,88.67376708984375,1.4655400514602661,2066.3837890625,85.87124633789062,1.4138449430465698,2090.633544921875,87.63983154296875,1.4242019653320312,19541713443,3068974562,2764477043
2026-02-09,2103.567626953125,86.7017822265625,1.4361159801483154,2144.97607421875,88.4691162109375,1.4568630456924438,2008.3623046875,82.9388427734375,1.3747639656066895,2087.92138671875,87.04224395751953,1.4321680068969727,26750982266,4074999909,3745179799
2026-02-10,2019.4974365234375,82.91548156738281,1.399487018585205,2122.021484375,87.34439086914062,1.4498050212860107,1990.1405029296875,81.989990234375,1.3932420015335083,2104.181884765625,86.70360565185547,1.436126947402954,23267337087,2879051689,2390150166
2026-02-11,1940.621337890625,79.2542495727539,1.3680189847946167,2030.409423828125,84.22687530517578,1.418908953666687,1903.6851806640625,78.39973449707031,1.3449809551239014,2019.580078125,82.91615295410156,1.3994909524917603,23922680362,4305057649,3555158789
2026-02-12,1946.940673828125,78.34844207763672,1.3620699644088745,1999.5028076171875,82.10655975341797,1.403725028038025,1897.3348388671875,76.66899108886719,1.3488140106201172,1940.8411865234375,79.25389862060547,1.3680189847946167,20106364835,3687924145,2611760486
2026-02-13,2048.52734375,84.32254028320312,1.4074629545211792,2069.456787109375,85.46414184570312,1.4240080118179321,1924.136962890625,77.61656951904297,1.3489179611206055,1946.6107177734375,78.34674072265625,1.3620610237121582,20412430639,3663739655,2659528884
2026-02-14,2086.46240234375,86.22921752929688,1.4493145942687988,2086.46240234375,86.22921752929688,1.4493145942687988,2042.8388671875,84.2364273071289,1.4060031175613403,2048.4150390625,84.31739044189453,1.4074583053588867,18814709760,3439655680,2498273280
